scenario,time,epsF,epsM,epsCoP,epsGap,pos_error,vel_error,ang_vel_error,linear_impulse_error,angular_impulse_error,energy_dense,energy_reduced,energy_drift_diff,temporal_hausdorff,temporal_mean_drift,support_churn,patch_count,subpatch_count,dense_contacts,reduced_contacts,max_subpatch_plane_error,max_subpatch_gap_error,max_subpatch_force_residual,max_subpatch_moment_residual
tilted_plate_impact,0.0005,0.0288093,0.328832,0.010414,0.424336,4.50829e-05,0.0901659,1.77806,0.0721327,0.000323427,0.181723,0.199454,0.0177315,0,0,1,1,1,189,4,0.00453886,0,0.0288093,0.858187
tilted_plate_impact,0.001,1.00928e-06,1.46563e-06,1.28867e-05,0.342017,9.83637e-05,0.106568,1.54216,0.0131856,0.000172102,0.181713,0.207151,0.0254374,0.0124359,0.00747334,0,1,1,186,4,0.00427312,0,1.00928e-06,3.14658e-06
tilted_plate_impact,0.0015,0.0062031,0.0085501,0.000321824,0.306567,0.000153873,0.111022,1.62441,0.00357014,5.84322e-05,0.181704,0.209277,0.0275733,0.00123725,0.000903805,0,1,1,180,4,0.00405498,0,0.0062031,0.0179674
tilted_plate_impact,0.002,0.0675196,0.152847,0.00489597,0.279586,0.000209571,0.111396,1.65134,0.000314116,8.20307e-06,0.181695,0.209452,0.0277574,0.00493679,0.00169415,0,1,1,171,4,0.00379793,0,0.0675196,0.333016
tilted_plate_impact,0.0025,0.0416515,0.172608,0.0058878,0.406113,0.000265269,0.111396,1.64834,0,6.26327e-09,0.181685,0.209443,0.0277573,0.00242174,0.00125655,0,1,1,165,4,0.00353471,0,0.0677311,0.390858
tilted_plate_impact,0.003,0.0532453,0.156875,0.00538595,0.384068,0.000320967,0.111396,1.64534,0,6.22316e-09,0.181676,0.209433,0.0277573,0.00133452,0.00104266,0,1,1,159,4,0.0032123,0,0.0647692,0.34688
tilted_plate_impact,0.0035,0.120888,0.149125,0.00492727,0.330503,0.000376665,0.111396,1.64235,0,6.18322e-09,0.181666,0.209424,0.0277572,0.00194336,0.00105871,0,1,1,151,4,0.00295384,0,0.120888,0.253238
tilted_plate_impact,0.004,0.132915,0.150799,0.00508679,0.168594,0.000432363,0.111396,1.63937,2.25514e-17,6.14346e-09,0.181657,0.209414,0.0277571,0.00114424,0.000925016,0,1,1,142,4,0.00271725,0,0.132915,0.241359
tilted_plate_impact,0.0045,0,0,0,0,0.000488061,0.111396,1.63639,4.42354e-17,6.10388e-09,0.181647,0.209405,0.0277571,0.00930977,0.0054212,0,1,1,132,4,0.0024886,0,0,0
tilted_plate_impact,0.005,0,0,0,0,0.000543759,0.111396,1.63342,2.25514e-17,6.06449e-09,0.181638,0.209395,0.027757,0.00177801,0.00115624,0,1,1,123,4,0.00215763,0,0,0
tilted_plate_impact,0.0055,0,0,0,0,0.000599457,0.111396,1.63045,0,6.02529e-09,0.181629,0.209386,0.027757,0.00134924,0.00104088,0,1,1,112,4,0.00183297,0,0,0
tilted_plate_impact,0.006,0,0,0,0,0.000655155,0.111396,1.62749,2.1684e-17,5.98629e-09,0.181619,0.209376,0.0277569,0.00122617,0.000933611,0,1,1,100,4,0.00161495,0,0,0
tilted_plate_impact,0.0065,0,0,0,0,0.000710853,0.111396,1.62453,0,5.9475e-09,0.18161,0.209367,0.0277569,0.00209533,0.00138019,0,1,1,86,4,0.00129134,0,0,0
tilted_plate_impact,0.007,0,0,0,0,0.000766551,0.111396,1.62158,2.25514e-17,5.90892e-09,0.1816,0.209357,0.0277568,0.0065554,0.00274232,0,1,1,72,4,0.000965083,0,0,0
tilted_plate_impact,0.0075,0,0,0,0,0.000822249,0.111396,1.61864,0,5.87057e-09,0.181591,0.209348,0.0277568,0.00652912,0.00579783,0,1,1,56,4,0.000722897,0,0,0
tilted_plate_impact,0.008,0,0,0,0,0.000877948,0.111396,1.6157,0,5.83245e-09,0.181581,0.209338,0.0277567,0.00863449,0.00389702,0,1,1,40,4,0.000412591,0,0,0
tilted_plate_impact,0.0085,0,0,0,0,0.000933646,0.111396,1.61277,0,5.79457e-09,0.181572,0.209329,0.0277567,0.00505135,0.003299,0,1,1,24,4,0.000151898,0,0,0
tilted_plate_impact,0.009,0,0,0,0,0.000989344,0.111396,1.60984,0,5.75693e-09,0.181562,0.209319,0.0277566,0,0,1,0,0,11,0,0,0,0,0
tilted_plate_impact,0.0095,0,0,0,0,0.00104504,0.111396,1.60692,0,5.71954e-09,0.181553,0.20931,0.0277565,0,0,0,0,0,2,0,0,0,0,0
tilted_plate_impact,0.01,0,0,0,0,0.00110074,0.111396,1.60401,0,5.68242e-09,0.181544,0.2093,0.0277565,0,0,0,0,0,0,0,0,0,0,0
tilted_plate_impact,0.0105,0,0,0,0,0.00115644,0.111396,1.60111,0,5.64557e-09,0.181534,0.209291,0.0277564,0,0,0,0,0,0,0,0,0,0,0
tilted_plate_impact,0.011,0,0,0,0,0.00121214,0.111396,1.59821,0,5.60899e-09,0.181525,0.209281,0.0277564,0,0,0,0,0,0,0,0,0,0,0
tilted_plate_impact,0.0115,0,0,0,0,0.00126783,0.111396,1.59532,0,5.57271e-09,0.181515,0.209272,0.0277563,0,0,0,0,0,0,0,0,0,0,0
tilted_plate_impact,0.012,0,0,0,0,0.00132353,0.111396,1.59244,0,5.53671e-09,0.181506,0.209262,0.0277563,0,0,0,0,0,0,0,0,0,0,0
tilted_plate_impact,0.0125,0,0,0,0,0.00137923,0.111396,1.58957,0,5.50102e-09,0.181496,0.209253,0.0277562,0,0,0,0,0,0,0,0,0,0,0
tilted_plate_impact,0.013,0,0,0,0,0.00143493,0.111396,1.5867,0,5.46565e-09,0.181487,0.209243,0.0277562,0,0,0,0,0,0,0,0,0,0,0
tilted_plate_impact,0.0135,0,0,0,0,0.00149063,0.111396,1.58384,0,5.4306e-09,0.181477,0.209233,0.0277561,0,0,0,0,0,0,0,0,0,0,0
tilted_plate_impact,0.014,0,0,0,0,0.00154633,0.111396,1.58099,2.25514e-17,5.39587e-09,0.181468,0.209224,0.0277561,0,0,0,0,0,0,0,0,0,0,0
tilted_plate_impact,0.0145,0,0,0,0,0.00160202,0.111396,1.57814,0,5.36149e-09,0.181458,0.209214,0.027756,0,0,0,0,0,0,0,0,0,0,0
tilted_plate_impact,0.015,0,0,0,0,0.00165772,0.111396,1.57531,2.25514e-17,5.32746e-09,0.181449,0.209205,0.027756,0,0,0,0,0,0,0,0,0,0,0
tilted_plate_impact,0.0155,0,0,0,0,0.00171342,0.111396,1.57248,0,5.29379e-09,0.18144,0.209195,0.0277559,0,0,0,0,0,0,0,0,0,0,0
tilted_plate_impact,0.016,0,0,0,0,0.00176912,0.111396,1.56966,2.25514e-17,5.26049e-09,0.18143,0.209186,0.0277559,0,0,0,0,0,0,0,0,0,0,0
tilted_plate_impact,0.0165,0,0,0,0,0.00182482,0.111396,1.56685,0,5.22757e-09,0.181421,0.209176,0.0277558,0,0,0,0,0,0,0,0,0,0,0
tilted_plate_impact,0.017,0,0,0,0,0.00188051,0.111396,1.56404,2.25514e-17,5.19504e-09,0.181411,0.209167,0.0277558,0,0,0,0,0,0,0,0,0,0,0
tilted_plate_impact,0.0175,0,0,0,0,0.00193621,0.111396,1.56125,1.12757e-17,5.16291e-09,0.181402,0.209157,0.0277557,0,0,0,0,0,0,0,0,0,0,0
tilted_plate_impact,0.018,0,0,0,0,0.00199191,0.111396,1.55846,2.25514e-17,5.13119e-09,0.181392,0.209148,0.0277557,0,0,0,0,0,0,0,0,0,0,0
tilted_plate_impact,0.0185,0,0,0,0,0.00204761,0.111396,1.55568,0,5.09989e-09,0.181383,0.209138,0.0277556,0,0,0,0,0,0,0,0,0,0,0
tilted_plate_impact,0.019,0,0,0,0,0.00210331,0.111396,1.55291,1.12757e-17,5.06903e-09,0.181373,0.209129,0.0277556,0,0,0,0,0,0,0,0,0,0,0
tilted_plate_impact,0.0195,0,0,0,0,0.002159,0.111396,1.55015,0,5.0386e-09,0.181364,0.209119,0.0277555,0,0,0,0,0,0,0,0,0,0,0
tilted_plate_impact,0.02,0,0,0,0,0.0022147,0.111396,1.54739,0,5.00864e-09,0.181354,0.20911,0.0277555,0,0,0,0,0,0,0,0,0,0,0
tilted_plate_impact,0.0205,0,0,0,0,0.0022704,0.111396,1.54465,0,4.97913e-09,0.181345,0.2091,0.0277554,0,0,0,0,0,0,0,0,0,0,0
tilted_plate_impact,0.021,0,0,0,0,0.0023261,0.111396,1.54191,0,4.9501e-09,0.181335,0.209091,0.0277554,0,0,0,0,0,0,0,0,0,0,0
tilted_plate_impact,0.0215,0,0,0,0,0.0023818,0.111396,1.53918,0,4.92156e-09,0.181326,0.209081,0.0277553,0,0,0,0,0,1,0,0,0,0,0
tilted_plate_impact,0.022,0,0,0,0,0.0024375,0.111396,1.53646,5.20417e-18,4.89352e-09,0.181317,0.209072,0.0277553,0,0,0,0,0,4,0,0,0,0,0
tilted_plate_impact,0.0225,0,0,0,0,0.00249319,0.111396,1.53375,0,4.86599e-09,0.181307,0.209062,0.0277552,0,0,0,0,0,7,0,0,0,0,0
tilted_plate_impact,0.023,0,0,0,0,0.00254889,0.111396,1.53104,5.20417e-18,4.83897e-09,0.181298,0.209053,0.0277552,0,0,0,0,0,11,0,0,0,0,0
tilted_plate_impact,0.0235,0,0,0,0,0.00260459,0.111396,1.52834,0,4.8125e-09,0.181288,0.209043,0.0277551,0,0,0,0,0,16,0,0,0,0,0
tilted_plate_impact,0.024,0,0,0,0,0.00266029,0.111396,1.52566,5.20417e-18,4.78656e-09,0.181279,0.209034,0.0277551,0,0,0,0,0,20,0,0,0,0,0
tilted_plate_impact,0.0245,0,0,0,0,0.00271599,0.111396,1.52298,5.20417e-18,4.76119e-09,0.181269,0.209024,0.027755,0,0,0,0,0,24,0,0,0,0,0
tilted_plate_impact,0.025,0,0,0,0,0.00277168,0.111396,1.52031,5.20417e-18,4.73638e-09,0.18126,0.209015,0.027755,0,0,0,0,0,30,0,0,0,0,0
tilted_plate_impact,0.0255,0,0,0,0,0.00282738,0.111396,1.51764,5.20417e-18,4.71215e-09,0.18125,0.209005,0.027755,0,0,0,0,0,33,0,0,0,0,0
tilted_plate_impact,0.026,0,0,0,0,0.00288308,0.111396,1.51499,5.20417e-18,4.68851e-09,0.181241,0.208996,0.0277549,0,0,0,0,0,39,0,0,0,0,0
tilted_plate_impact,0.0265,0,0,0,0,0.00293878,0.111396,1.51234,5.20417e-18,4.66548e-09,0.181231,0.208986,0.0277549,0,0,0,0,0,44,0,0,0,0,0
tilted_plate_impact,0.027,0,0,0,0,0.00299448,0.111396,1.5097,5.20417e-18,4.64306e-09,0.181222,0.208977,0.0277548,0,0,0,0,0,48,0,0,0,0,0
tilted_plate_impact,0.0275,0,0,0,0,0.00305018,0.111396,1.50707,6.07153e-18,4.62126e-09,0.181212,0.208967,0.0277548,0,0,0,0,0,52,0,0,0,0,0
tilted_plate_impact,0.028,0,0,0,0,0.00308318,0.0661425,5.7072,0.0364834,0.00122716,0.163986,0.208958,0.0449718,0,0,0,0,0,56,0,0,0,0,0
tilted_plate_impact,0.0285,0,0,0,0,0.0031068,0.0476354,8.38179,0.0151792,0.000483381,0.159542,0.208948,0.0494058,0,0,1,1,1,57,1,0,0,0,0
tilted_plate_impact,0.029,0,0,0,0,0.0031121,0.0162169,12.9131,0.031233,0.00082179,0.154375,0.208939,0.0545637,0.00113313,0.000117831,0.5,1,1,59,2,0.000117966,0,0,0
tilted_plate_impact,0.0295,0,0,0,0,0.00311741,0.0162169,12.9092,1.12757e-17,2.12138e-08,0.154365,0.208929,0.0545638,0.00169915,0.000391115,0.5,1,1,58,4,0.000314605,0,0,0
tilted_plate_impact,0.03,0,0,0,0,0.00312071,0.0151071,13.4051,0.00346627,9.06731e-05,0.154044,0.208919,0.0548756,0.00144144,0.000782453,0,1,1,59,4,0.000476093,0,0,0
tilted_plate_impact,0.0305,0,0,0,0,0.00311652,0.0206424,15.2423,0.0128474,0.000335142,0.153323,0.20891,0.0555867,0.00102303,0.000584905,0,1,1,59,4,0.000635145,0,0,0
tilted_plate_impact,0.031,0,0,0,0,0.00311237,0.0206424,15.2386,1.16123e-17,2.10511e-08,0.153314,0.2089,0.0555868,0.0013981,0.00195891,0,1,1,59,4,0.000711163,0,0,0
tilted_plate_impact,0.0315,0,0,0,0,0.00310825,0.0206424,15.2348,1.16123e-17,2.09095e-08,0.153304,0.208891,0.0555869,0.00610021,0.00307031,0,1,1,60,4,0.000907653,0,0,0
tilted_plate_impact,0.032,0,0,0,0,0.00310415,0.0206424,15.2312,0,2.07702e-08,0.153294,0.208881,0.055587,0.00198205,0.00338483,0,1,1,60,4,0.00105004,0,0,0
tilted_plate_impact,0.0325,0,0,0,0,0.00309681,0.0260083,16.0339,0.00565324,0.00014661,0.153119,0.208872,0.0557526,0.0008903,0.000617356,0,1,1,61,4,0.00117946,0,0,0
tilted_plate_impact,0.033,0,0,0,0,0.0030895,0.0260083,16.0303,0,2.04944e-08,0.15311,0.208862,0.0557527,0.00142472,0.000939291,0,1,1,64,4,0.00140748,0,0,0
tilted_plate_impact,0.0335,0,0,0,0,0.00308223,0.0260083,16.0267,5.20417e-18,2.03615e-08,0.1531,0.208853,0.0557528,0.000807223,0.000537257,0,1,1,64,4,0.00144578,0,0,0
tilted_plate_impact,0.034,0,0,0,0,0.00307499,0.0260209,16.0248,1.2346e-05,3.32565e-07,0.15309,0.208843,0.0557532,0.000621087,0.000506687,0,1,1,62,4,0.00167438,0,0,0
tilted_plate_impact,0.0345,0,0,0,0,0.00306549,0.0302221,16.5878,0.00398103,0.000102775,0.152983,0.208834,0.0558509,0.000855225,0.000411987,0,1,1,61,4,0.00176068,0,0,0
tilted_plate_impact,0.035,0,0,0,0,0.00305604,0.0302221,16.5842,5.89806e-18,1.99529e-08,0.152973,0.208824,0.055851,0.00305572,0.00113897,0,1,1,63,4,0.00198296,0,0,0
tilted_plate_impact,0.0355,0,0,0,0,0.00304663,0.0302221,16.5806,0,1.98295e-08,0.152964,0.208815,0.055851,0.00124856,0.000608164,0,1,1,63,4,0.00207278,0,0,0
tilted_plate_impact,0.036,0,0,0,0,0.00303717,0.0304225,16.6033,0.000184529,4.76305e-06,0.152949,0.208805,0.0558564,0.00119622,0.000598589,0,1,1,64,4,0.00225412,0,0,0
tilted_plate_impact,0.0365,0,0,0,0,0.003026,0.0337926,17.0335,0.00305177,7.8503e-05,0.152862,0.208796,0.0559334,0.00245718,0.00145262,0,1,1,65,4,0.00243027,0,0,0
tilted_plate_impact,0.037,1,1.41932e-16,0.0349027,1,0.00301489,0.0337926,17.03,3.80455e-18,1.94435e-08,0.152853,0.208786,0.0559335,0.00216348,0.00319574,0,1,1,66,4,0.00256905,0,0.176612,0.250747
tilted_plate_impact,0.0375,1,2.39813e-16,0.0346354,1,0.00301361,0.0273423,14.3648,0.0157463,0.00047907,0.152843,0.202028,0.0491849,0.00152858,0.0011564,0,1,1,68,4,0.00274738,0,0.0818422,0.204851
tilted_plate_impact,0.038,0.0595444,0.0907174,0.00231226,0.743155,0.00311511,0.21337,6.57359,0.179906,0.00373623,0.152778,0.201941,0.0491635,0.000785335,0.000554101,0,1,1,69,4,0.00283425,0,0.0595444,0.226501
tilted_plate_impact,0.0385,0.101195,0.0969343,0.00233186,0.16292,0.00323043,0.242511,9.24032,0.0234443,0.0004904,0.152768,0.210215,0.0574468,0.00101934,0.000525829,0,1,1,69,4,0.00262771,0,0.101195,0.194246
tilted_plate_impact,0.039,0,0,0,0,0.00334526,0.240558,9.01925,0.00157061,4.02635e-05,0.152715,0.210205,0.0574897,0.0046072,0.00258021,0,1,1,69,4,0.00244831,0,0.00135185,5.60415e-07
tilted_plate_impact,0.0395,0,0,0,0,0.00346033,0.240273,8.98621,0.000228887,5.86532e-06,0.1527,0.210196,0.057496,0.00130291,0.000675694,0,1,1,71,4,0.0023093,0,1.28362e-09,2.79004e-12
tilted_plate_impact,0.04,0,0,0,0,0.00357467,0.23802,8.73127,0.00181212,4.64114e-05,0.15264,0.210186,0.0575457,0.000512708,0.000380556,0,1,1,72,4,0.00217116,0,1.19223e-15,3.14569e-18
tilted_plate_impact,0.0405,0,0,0,0,0.00368931,0.23802,8.73033,5.89806e-18,1.44882e-09,0.152631,0.210176,0.0575457,0.000601884,0.000360392,0,1,1,73,4,0.0019888,0,1.10249e-21,3.00609e-24
tilted_plate_impact,0.041,0,0,0,0,0.00380325,0.235969,8.49816,0.0016491,4.22074e-05,0.152574,0.210167,0.0575926,0.00112776,0.00069238,0,1,1,75,4,0.0018478,0,9.9065e-28,3.42739e-30
tilted_plate_impact,0.0415,0,0,0,0,0.00391735,0.235789,8.47692,0.000144879,3.70762e-06,0.15256,0.210157,0.0575968,0.000364693,0.00034395,0,1,1,75,4,0.00170954,0,8.64871e-34,3.64709e-36
tilted_plate_impact,0.042,0,0,0,0,0.00403072,0.2338,8.25155,0.0015999,4.09297e-05,0.152504,0.210147,0.0576436,0.000686115,0.000473765,0,1,1,76,4,0.00156621,0,7.34735e-40,3.33591e-42
tilted_plate_impact,0.0425,0,0,0,0,0.00414417,0.233552,8.22265,0.00019955,5.10478e-06,0.152488,0.210138,0.0576495,0.000673469,0.000399549,0,1,1,76,4,0.0014267,0,6.3672e-46,2.57382e-48
tilted_plate_impact,0.043,0,0,0,0,0.00425691,0.231685,8.01094,0.00150173,3.841e-05,0.152433,0.210128,0.0576949,0.00371477,0.00114478,0,1,1,78,4,0.00128216,0,3.97331e-52,3.47905e-54
tilted_plate_impact,0.0435,0,0,0,0,0.00436962,0.231303,7.96686,0.000307667,7.86957e-06,0.152414,0.210119,0.0577043,0.00105143,0.000505825,0,1,1,80,4,0.00113914,0,2.67829e-58,2.11942e-60
tilted_plate_impact,0.044,0,0,0,0,0.00448167,0.229588,7.77214,0.00137974,3.52908e-05,0.152362,0.210109,0.0577472,0.00290279,0.00170093,0,1,1,81,4,0.000997758,0,1.34016e-64,1.20742e-66
tilted_plate_impact,0.0445,0,0,0,0,0.00459359,0.229039,7.70926,0.000441404,1.12917e-05,0.152338,0.210099,0.0577611,0.00136385,0.000746291,0,1,1,81,4,0.000844782,0,6.70814e-71,6.04956e-73
tilted_plate_impact,0.045,0,0,0,0,0.0047049,0.227512,7.53565,0.00122863,3.14342e-05,0.152289,0.21009,0.0578005,0.00267578,0.00152287,0,1,1,83,4,0.000696088,0,4.19088e-77,2.39404e-79
tilted_plate_impact,0.0455,0,0,0,0,0.00481596,0.226758,7.44949,0.000606612,1.55238e-05,0.15226,0.21008,0.0578201,0.000553087,0.000445727,0,1,1,84,4,0.000604869,0,2.88511e-83,1.47792e-85
tilted_plate_impact,0.046,0,0,0,0,0.00492651,0.225464,7.30202,0.00104192,2.66709e-05,0.152216,0.21007,0.0578545,0.00279465,0.00347607,0,1,1,86,4,0.000456421,0,1.44295e-89,7.99235e-92
tilted_plate_impact,0.0465,0,0,0,0,0.00503666,0.224457,7.1871,0.000810435,2.07528e-05,0.152179,0.210061,0.0578815,0.00164849,0.000920642,0,1,1,87,4,0.000286292,0,7.21951e-96,3.73389e-98
tilted_plate_impact,0.047,0,0,0,0,0.00514637,0.223335,7.05909,0.000903019,2.31329e-05,0.152139,0.210051,0.057912,0.0037661,0.00126706,0,1,1,88,4,0.000193199,0,4.36967e-102,1.12918e-104
tilted_plate_impact,0.0475,0,0,0,0,0.00525563,0.222255,6.93577,0.000869337,2.22806e-05,0.1521,0.210042,0.0579416,0.00392059,0.00029833,0.5,1,1,89,2,5.72251e-05,0,0,0
tilted_plate_impact,0.048,0,0,0,0,0.00536445,0.221171,6.81202,0.00087193,2.23589e-05,0.15206,0.210032,0.0579718,0.00203718,0.000255149,0.5,1,1,90,1,0,0,0,0
tilted_plate_impact,0.0485,0,0,0,0,0.00547281,0.22009,6.68842,0.000870594,2.23379e-05,0.15202,0.210022,0.0580023,0,0,1,0,0,91,0,0,0,0,0
tilted_plate_impact,0.049,0,0,0,0,0.00558072,0.21901,6.56489,0.000869605,2.23271e-05,0.15198,0.210013,0.0580332,0,0,0,0,0,94,0,0,0,0,0
tilted_plate_impact,0.0495,0,0,0,0,0.00568816,0.217931,6.44146,0.000868509,2.23149e-05,0.151939,0.210003,0.0580644,0,0,0,0,0,95,0,0,0,0,0
tilted_plate_impact,0.05,0,0,0,0,0.00579514,0.216854,6.31813,0.000867357,2.23026e-05,0.151898,0.209994,0.058096,0,0,0,0,0,95,0,0,0,0,0
tilted_plate_impact,0.0505,0,0,0,0,0.00590164,0.215778,6.19492,0.000866144,2.22901e-05,0.151856,0.209984,0.0581279,0,0,0,0,0,96,0,0,0,0,0
tilted_plate_impact,0.051,0,0,0,0,0.00600768,0.214704,6.07183,0.000864874,2.22774e-05,0.151814,0.209974,0.0581601,0,0,0,0,0,97,0,0,0,0,0
tilted_plate_impact,0.0515,0,0,0,0,0.00611323,0.213632,5.94886,0.000863548,2.22645e-05,0.151772,0.209965,0.0581926,0,0,0,0,0,100,0,0,0,0,0
tilted_plate_impact,0.052,0,0,0,0,0.00621469,0.205115,6.60243,0.00687694,0.000220354,0.149728,0.209955,0.0602271,0,0,0,0,0,108,0,0,0,0,0
tilted_plate_impact,0.0525,0,0,0,0,0.00628977,0.15202,11.5386,0.0433756,0.0011579,0.142914,0.209945,0.0670315,0,0,0,0,0,108,0,0,0,0,0
tilted_plate_impact,0.053,0,0,0,0,0.00636487,0.15202,11.5386,5.89806e-18,8.09747e-10,0.142904,0.209936,0.0670315,0,0,0,0,0,108,0,0,0,0,0
tilted_plate_impact,0.0535,0,0,0,0,0.00643999,0.15202,11.5386,5.20417e-18,8.09089e-10,0.142895,0.209926,0.0670315,0,0,0,0,0,108,0,0,0,0,0
tilted_plate_impact,0.054,0,0,0,0,0.00651513,0.15202,11.5387,5.20417e-18,8.08415e-10,0.142885,0.209917,0.0670315,0,0,0,0,0,108,0,0,0,0,0
tilted_plate_impact,0.0545,0,0,0,0,0.00659029,0.15202,11.5387,8.67362e-18,8.07726e-10,0.142875,0.209907,0.0670315,0,0,0,0,0,108,0,0,0,0,0
tilted_plate_impact,0.055,0,0,0,0,0.00665866,0.138583,13.051,0.0111683,0.000297995,0.142324,0.209897,0.0675733,0,0,0,0,0,108,0,0,0,0,0
tilted_plate_impact,0.0555,0,0,0,0,0.00672705,0.138583,13.0516,1.40887e-17,9.79604e-10,0.142314,0.209888,0.0675733,0,0,0,0,0,108,0,0,0,0,0
tilted_plate_impact,0.056,0,0,0,0,0.00679545,0.138583,13.0521,8.67362e-18,9.78234e-10,0.142305,0.209878,0.0675733,0,0,0,0,0,108,0,0,0,0,0
tilted_plate_impact,0.0565,0,0,0,0,0.00686388,0.138583,13.0527,5.20417e-18,9.76845e-10,0.142295,0.209868,0.0675733,0,0,0,0,0,108,0,0,0,0,0
tilted_plate_impact,0.057,0,0,0,0,0.0069304,0.134827,13.4846,0.00314273,8.35927e-05,0.142185,0.209859,0.0676743,0,0,0,0,0,108,0,0,0,0,0
tilted_plate_impact,0.0575,0,0,0,0,0.00699694,0.134827,13.4853,5.89806e-18,1.04815e-09,0.142175,0.209849,0.0676743,0,0,0,0,0,108,0,0,0,0,0
tilted_plate_impact,0.058,0,0,0,0,0.00706155,0.131017,13.9268,0.00320104,8.49019e-05,0.142082,0.20984,0.0677574,0,0,0,0,0,108,0,0,0,0,0
tilted_plate_impact,0.0585,0,0,0,0,0.00712617,0.131017,13.9277,5.20417e-18,1.13967e-09,0.142072,0.20983,0.0677574,0,0,0,0,0,108,0,0,0,0,0
tilted_plate_impact,0.059,0,0,0,0,0.00719078,0.13096,13.9353,4.8077e-05,1.27787e-06,0.142062,0.20982,0.0677588,0,0,0,0,0,108,0,0,0,0,0
tilted_plate_impact,0.0595,0,0,0,0,0.00725068,0.121758,13.7056,0.00773642,0.000163093,0.141706,0.209811,0.0681047,0,0,0,0,0,108,0,0,0,0,0
tilted_plate_impact,0.06,0,0,0,0,0.00731061,0.121758,13.707,1.60656e-17,1.28511e-09,0.141696,0.209801,0.0681047,0,0,0,0,0,108,0,0,0,0,0
tilted_plate_impact,0.0605,0,0,0,0,0.00737055,0.121758,13.7083,1.12757e-17,1.28266e-09,0.141687,0.209791,0.0681047,0,0,1,1,1,108,1,8.67362e-19,0,0,0
tilted_plate_impact,0.061,0,0,0,0,0.00742922,0.119262,13.8719,0.00211232,4.55873e-05,0.141606,0.209782,0.0681755,6.08866e-05,6.08866e-05,0,1,1,108,1,0,0,0,0
tilted_plate_impact,0.0615,0,0,0,0,0.00748645,0.116455,13.6168,0.00237505,6.58604e-05,0.14148,0.209772,0.0682926,9.23733e-05,9.23733e-05,0,1,1,108,1,4.33681e-19,0,0,0
tilted_plate_impact,0.062,0,0,0,0,0.00754251,0.114154,13.9005,0.0019596,5.27325e-05,0.141419,0.209763,0.0683438,0.00117235,0.000109158,0.5,1,1,108,2,0.00015,0,0,0
tilted_plate_impact,0.0625,0,0,0,0,0.0075981,0.11321,13.8171,0.000802331,2.23037e-05,0.14137,0.209753,0.0683834,0.000624803,0.000371696,0,1,1,108,2,0.000157063,0,0,0
tilted_plate_impact,0.063,0,0,0,0,0.00765233,0.110571,13.8225,0.00225002,4.56873e-05,0.141271,0.209743,0.0684719,0.000355562,0.000239952,0,1,1,108,2,0.000164116,0,0,0
tilted_plate_impact,0.0635,0,0,0,0,0.00770603,0.109534,13.8945,0.000887635,1.92276e-05,0.141232,0.209734,0.0685014,0.000227083,0.000177668,0,1,1,108,2,0.000171161,0,0,0
tilted_plate_impact,0.064,0,0,0,0,0.0077581,0.106368,13.9016,0.0027119,5.53243e-05,0.141116,0.209724,0.0686077,0.00124952,0.000150123,0.333333,1,1,108,3,0.000356391,0,0,0
tilted_plate_impact,0.0645,0,0,0,0,0.00780991,0.105861,13.9669,0.000436727,1.17741e-05,0.141095,0.209714,0.0686198,0.0011171,0.000313652,0.25,1,1,108,4,0.000493358,0,0,0
tilted_plate_impact,0.065,0,0,0,0,0.00786029,0.103076,14.0015,0.00239888,4.86096e-05,0.140991,0.209705,0.0687138,0.000547295,0.000297823,0,1,1,108,4,0.000504078,0,0,0
tilted_plate_impact,0.0655,0,0,0,0,0.00791026,0.102286,14.0521,0.000682737,1.45151e-05,0.140958,0.209695,0.0687375,0.000275349,0.000194728,0,1,1,108,4,0.000514781,0,0,0
tilted_plate_impact,0.066,0,0,0,0,0.00795883,0.0996028,14.0795,0.00232329,4.74163e-05,0.140855,0.209686,0.0688305,0.00017049,0.000151349,0,1,1,108,4,0.000525467,0,0,0
tilted_plate_impact,0.0665,0,0,0,0,0.00800697,0.0987474,14.1419,0.000743759,1.61959e-05,0.14082,0.209676,0.0688562,0.00203056,0.000742144,0,1,1,108,4,0.000785918,0,0,0
tilted_plate_impact,0.067,0,0,0,0,0.0080538,0.0962608,14.1696,0.00216663,4.44187e-05,0.140722,0.209666,0.0689445,0.000579327,0.00030761,0,1,1,108,4,0.000802443,0,0,0
tilted_plate_impact,0.0675,0,0,0,0,0.00810011,0.095244,14.2361,0.00088967,1.9e-05,0.14068,0.209657,0.0689765,0.000273609,0.000197283,0,1,1,108,4,0.000818938,0,0,0
tilted_plate_impact,0.068,0,0,0,0,0.00814522,0.0929788,14.263,0.00198735,4.09497e-05,0.140588,0.209647,0.0690588,0.000171241,0.000150923,0,1,1,108,4,0.000835405,0,0,0
tilted_plate_impact,0.0685,0,0,0,0,0.00818971,0.0917769,14.3347,0.00105916,2.23608e-05,0.140539,0.209637,0.0690983,0.00129284,0.000630512,0,1,1,108,4,0.000978278,0,0,0
tilted_plate_impact,0.069,0,0,0,0,0.00823312,0.0897568,14.3618,0.00178606,3.69687e-05,0.140454,0.209628,0.0691734,0.000619159,0.000381102,0,1,1,108,4,0.00110111,0,0,0
tilted_plate_impact,0.0695,0,0,0,0,0.0082758,0.0883549,14.4354,0.00124525,2.6014e-05,0.140397,0.209618,0.0692215,0.000506951,0.000369404,0,1,1,108,4,0.00121953,0,0,0
tilted_plate_impact,0.07,0,0,0,0,0.00831751,0.0865495,14.4709,0.00161019,3.3331e-05,0.140319,0.209609,0.0692893,0.00112794,0.000573416,0,1,1,108,4,0.00123988,0,0,0
tilted_plate_impact,0.0705,0,0,0,0,0.00835841,0.0850322,14.5329,0.0013598,2.81509e-05,0.140255,0.209599,0.0693443,0.000748439,0.000552438,0,1,1,108,4,0.00136221,0,0,0
tilted_plate_impact,0.071,0,0,0,0,0.00839842,0.0833754,14.5815,0.00149186,3.08957e-05,0.140183,0.209589,0.0694068,0.000399647,0.000305736,0,1,1,126,4,0.00138197,0,0,0
tilted_plate_impact,0.0715,0,0,0,0,0.00843758,0.0817896,14.6358,0.00143557,2.97921e-05,0.140113,0.20958,0.0694667,0.000755875,0.000410455,0,1,1,126,4,0.00160029,0,0,0
tilted_plate_impact,0.072,0,0,0,0,0.00847589,0.0802158,14.6909,0.00143265,2.98083e-05,0.140043,0.20957,0.0695268,0.000359435,0.000224553,0,1,1,126,4,0.00162037,0,0,0
tilted_plate_impact,0.0725,0,0,0,0,0.00851334,0.0786585,14.7468,0.00142595,2.97469e-05,0.139973,0.20956,0.0695871,0.000189327,0.000156338,0,1,1,126,4,0.0016404,0,0,0
tilted_plate_impact,0.073,0,0,0,0,0.00854995,0.077118,14.8034,0.00141946,2.96908e-05,0.139903,0.209551,0.0696474,0.000344876,0.000195146,0,1,1,126,4,0.00176052,0,0,0
tilted_plate_impact,0.0735,0,0,0,0,0.00858573,0.0755948,14.8609,0.00141287,2.96336e-05,0.139833,0.209541,0.0697078,0.00314788,0.00274079,0,1,1,126,4,0.00187502,0,0,0
tilted_plate_impact,0.074,0,0,0,0,0.00862066,0.0740895,14.9191,0.00140625,2.95765e-05,0.139763,0.209532,0.0697682,0.000916452,0.000496982,0,1,1,126,4,0.00198995,0,0,0
tilted_plate_impact,0.0745,0,0,0,0,0.00865477,0.0726027,14.978,0.00139948,2.95169e-05,0.139693,0.209522,0.0698286,0.00104025,0.000470453,0,1,1,126,4,0.00201329,0,0,0
tilted_plate_impact,0.075,0,0,0,0,0.00868805,0.0711348,15.0377,0.00139274,2.94589e-05,0.139623,0.209512,0.0698891,0.000400162,0.0002807,0,1,1,126,4,0.0022106,0,0,0
tilted_plate_impact,0.0755,0,0,0,0,0.00872051,0.0696867,15.0981,0.00138592,2.93996e-05,0.139553,0.209503,0.0699496,0.000353514,0.000262695,0,1,1,126,4,0.00223448,0,0,0
tilted_plate_impact,0.076,0,0,0,0,0.00875215,0.0682589,15.1591,0.00137904,2.93399e-05,0.139483,0.209493,0.07001,0.000316846,0.000221743,0,1,1,126,4,0.00234504,0,0,0
tilted_plate_impact,0.0765,1,3.49106e-16,0.034273,1,0.00878299,0.0668522,15.2209,0.00137213,2.92798e-05,0.139413,0.209483,0.0700704,0.000499345,0.000338437,0,1,1,126,4,0.00245784,0,0.0714059,0.193689
tilted_plate_impact,0.077,1,0,0.0342446,1,0.00884933,0.135118,7.97382,0.0583798,0.00132797,0.139343,0.197727,0.0583841,0.000268413,0.000202827,0,1,1,126,4,0.00248274,0,0.0782412,0.217388
tilted_plate_impact,0.0775,0.218815,0.10447,0.00169412,0.646391,0.00895058,0.203918,2.91816,0.0577382,0.00109381,0.139273,0.198718,0.0594445,0.00279874,0.00244243,0,1,1,126,4,0.00249099,0,0.192028,0.200159
tilted_plate_impact,0.078,0.298238,0.112483,0.00192498,0.119508,0.00905103,0.202271,2.93049,0.00135116,2.90956e-05,0.139203,0.198708,0.0595048,0.000477644,0.000315066,0,1,1,126,4,0.00239851,0,0.190893,0.247741
tilted_plate_impact,0.0785,0,0,0,0,0.00915068,0.200633,2.94701,0.00134411,2.90345e-05,0.139133,0.198698,0.059565,0.00196132,0.00199461,0,1,1,144,4,0.00239409,0,0.000112815,2.62905e-07
tilted_plate_impact,0.079,0,0,0,0,0.00924953,0.199005,2.96764,0.00133704,2.89732e-05,0.139064,0.198689,0.059625,0.000646461,0.000318398,0,1,1,144,4,0.00238968,0,5.17931e-11,8.46435e-14
tilted_plate_impact,0.0795,0,0,0,0,0.0093476,0.197386,2.99224,0.00132995,2.89118e-05,0.138994,0.198679,0.059685,0.000469815,0.000276957,0,1,1,144,4,0.00229664,0,2.90885e-17,7.86667e-20
tilted_plate_impact,0.08,0,0,0,0,0.00944487,0.195777,3.02071,0.00132285,2.88504e-05,0.138925,0.19867,0.0597449,0.000745938,0.000330829,0,1,1,144,4,0.00219985,0,2.61636e-23,6.49974e-26
tilted_plate_impact,0.0805,0,0,0,0,0.00954136,0.194176,3.05291,0.00131574,2.87889e-05,0.138855,0.19866,0.0598046,0.000397145,0.000203034,0,1,1,144,4,0.00219511,0,2.37256e-29,5.91943e-32
tilted_plate_impact,0.081,0,0,0,0,0.00963708,0.192586,3.08869,0.00130862,2.87275e-05,0.138786,0.19865,0.0598642,0.00412324,0.00318818,0,1,1,144,4,0.00209091,0,1.88057e-35,4.22904e-38
tilted_plate_impact,0.0815,0,0,0,0,0.00973201,0.191004,3.1279,0.00130151,2.86663e-05,0.138717,0.198641,0.0599236,0.000747237,0.000335747,0,1,1,144,4,0.00208507,0,1.57128e-41,3.54216e-44
tilted_plate_impact,0.082,0,0,0,0,0.00982617,0.189432,3.1704,0.0012944,2.86052e-05,0.138648,0.198631,0.0599828,0.000352762,0.000198444,0,1,1,144,4,0.00207922,0,1.34278e-47,3.03216e-50
tilted_plate_impact,0.0825,0,0,0,0,0.00991956,0.18787,3.21602,0.00128729,2.85443e-05,0.13858,0.198621,0.0600419,0.000160993,0.000131906,0,1,1,144,4,0.00207336,0,1.15859e-53,2.61966e-56
tilted_plate_impact,0.083,0,0,0,0,0.0100122,0.186317,3.26462,0.0012802,2.84837e-05,0.138511,0.198612,0.0601007,0.000117986,0.000102442,0,1,1,162,4,0.0020675,0,1.00404e-59,2.27275e-62
tilted_plate_impact,0.0835,0,0,0,0,0.010104,0.184773,3.31603,0.00127313,2.84233e-05,0.138443,0.198602,0.0601594,0.000302016,0.000180013,0,1,1,162,4,0.00206164,0,8.71845e-66,1.97552e-68
tilted_plate_impact,0.084,0,0,0,0,0.0101952,0.183239,3.37011,0.0012661,2.8364e-05,0.138375,0.198593,0.0602178,0.000255151,0.000156836,0,1,1,162,4,0.00205577,0,7.57712e-72,1.71857e-74
tilted_plate_impact,0.0845,0,0,0,0,0.0102855,0.181714,3.4267,0.00125902,2.83034e-05,0.138307,0.198583,0.060276,0.00016527,0.000120383,0,1,1,162,4,0.0020499,0,6.58731e-78,1.49547e-80
tilted_plate_impact,0.085,0,0,0,0,0.0103751,0.180199,3.48567,0.00125205,2.8245e-05,0.138239,0.198573,0.060334,0.000271828,0.000166248,0,1,1,162,4,0.00204403,0,5.72706e-84,1.30138e-86
tilted_plate_impact,0.0855,0,0,0,0,0.010464,0.178692,3.54688,0.00124508,2.81865e-05,0.138172,0.198564,0.0603917,0.000268616,0.00016482,0,1,1,162,4,0.00203815,0,4.97871e-90,1.13237e-92
tilted_plate_impact,0.086,0,0,0,0,0.0105521,0.177196,3.61018,0.00123815,2.81287e-05,0.138105,0.198554,0.0604491,0.000170698,0.00012293,0,1,1,180,4,0.00203227,0,4.32747e-96,9.85148e-99
tilted_plate_impact,0.0865,0,0,0,0,0.0106394,0.175708,3.67546,0.00123126,2.80715e-05,0.138038,0.198544,0.0605063,0.000124572,0.000103609,0,1,1,180,4,0.00202638,0,3.7607e-102,8.569e-105
tilted_plate_impact,0.087,0,0,0,0,0.0107261,0.174229,3.74259,0.00122442,2.80151e-05,0.137972,0.198535,0.0605631,0.000291386,0.000173539,0,1,1,180,4,0.00202049,0,3.26748e-108,7.4519e-111
tilted_plate_impact,0.0875,0,0,0,0,0.010812,0.17276,3.81145,0.00121762,2.79594e-05,0.137905,0.198525,0.0606197,0.000341439,0.000204209,0,1,1,180,4,0.00193919,0,2.88967e-114,5.71847e-117
tilted_plate_impact,0.088,0,0,0,0,0.0108972,0.1713,3.88194,0.00121088,2.79046e-05,0.13784,0.198516,0.060676,0.000555046,0.000218235,0,1,1,198,4,0.00184645,0,2.56652e-120,4.79411e-123
tilted_plate_impact,0.0885,0,0,0,0,0.0109816,0.169848,3.95396,0.00120419,2.78507e-05,0.137774,0.198506,0.060732,0.000403222,0.000224106,0,1,1,198,4,0.00174175,0,2.32064e-126,3.99173e-129
tilted_plate_impact,0.089,0,0,0,0,0.0110654,0.168406,4.0274,0.00119756,2.77978e-05,0.137709,0.198496,0.0607876,0.000203049,0.000139768,0,1,1,198,4,0.00173426,0,2.10134e-132,3.58753e-135
tilted_plate_impact,0.0895,0,0,0,0,0.0111484,0.166973,4.10218,0.00119099,2.77459e-05,0.137644,0.198487,0.060843,0.000141884,0.000102982,0,1,1,198,4,0.00172676,0,1.90386e-138,3.24073e-141
tilted_plate_impact,0.09,0,0,0,0,0.0112307,0.165548,4.17821,0.00118448,2.7695e-05,0.137579,0.198477,0.0608979,0.000116381,8.90027e-05,0,1,1,216,4,0.00171926,0,1.72522e-144,2.93425e-147
tilted_plate_impact,0.0905,0,0,0,0,0.0113123,0.164132,4.25541,0.00117807,2.76457e-05,0.137515,0.198468,0.0609526,0.000104211,8.44507e-05,0,1,1,216,4,0.00171175,0,0,0
tilted_plate_impact,0.091,0,0,0,0,0.0113932,0.162725,4.33371,0.0011717,2.75971e-05,0.137451,0.198458,0.0610068,9.8041e-05,8.28962e-05,0,1,1,216,4,0.00170424,0,0,0
tilted_plate_impact,0.0915,0,0,0,0,0.0114735,0.161327,4.41304,0.00116545,2.75505e-05,0.137388,0.198448,0.0610608,9.46672e-05,8.22113e-05,0,1,1,234,4,0.00169672,0,0,0
tilted_plate_impact,0.092,0,0,0,0,0.011553,0.159937,4.49333,0.0011592,2.75038e-05,0.137324,0.198439,0.0611143,9.2662e-05,8.18212e-05,0,1,1,234,4,0.0016892,0,0,0
tilted_plate_impact,0.0925,0,0,0,0,0.0116318,0.158555,4.57453,0.00115311,2.746e-05,0.137262,0.198429,0.0611674,9.13603e-05,8.15709e-05,0,1,1,252,4,0.00168167,0,0,0
tilted_plate_impact,0.093,0,0,0,0,0.0117099,0.157182,4.65658,0.00114708,2.74171e-05,0.137199,0.198419,0.0612202,9.04398e-05,8.14145e-05,0,1,1,252,4,0.00167413,0,0,0
tilted_plate_impact,0.0935,0,0,0,0,0.0117874,0.155817,4.73942,0.00114114,2.73758e-05,0.137137,0.19841,0.0612726,8.97406e-05,8.13361e-05,0,1,1,270,4,0.00166659,0,0,0
tilted_plate_impact,0.094,0,0,0,0,0.0118641,0.15446,4.82302,0.00113529,2.73361e-05,0.137076,0.1984,0.0613246,8.91822e-05,8.1329e-05,0,1,1,270,4,0.00165905,0,0,0
tilted_plate_impact,0.0945,0,0,0,0,0.0119402,0.153112,4.90732,0.00112954,2.72981e-05,0.137014,0.198391,0.0613761,8.87242e-05,8.139e-05,0,1,1,288,4,0.0016515,0,0,0
tilted_plate_impact,0.095,0,0,0,0,0.0120156,0.151771,4.99229,0.00112389,2.72619e-05,0.136954,0.198381,0.0614273,8.83464e-05,8.15171e-05,0,1,1,306,4,0.00164394,0,0,0
tilted_plate_impact,0.0955,0,0,0,0,0.0120903,0.150438,5.07788,0.00111834,2.72274e-05,0.136893,0.198371,0.061478,0.000398437,0.000161589,0,1,1,324,4,0.00173203,0,0,0
tilted_plate_impact,0.096,0,0,0,0,0.0121644,0.149113,5.16408,0.0011129,2.71949e-05,0.136833,0.198362,0.0615283,0.000213777,0.000115568,0,1,1,342,4,0.00172436,0,0,0
tilted_plate_impact,0.0965,0,0,0,0,0.0122378,0.147795,5.25083,0.00110756,2.71644e-05,0.136774,0.198352,0.0615782,0.000129685,9.47368e-05,0,1,1,360,4,0.00171669,0,0,0
tilted_plate_impact,0.097,0,0,0,0,0.0123106,0.146485,5.33812,0.00110234,2.71358e-05,0.136715,0.198342,0.0616276,9.67618e-05,8.67437e-05,0,1,1,378,4,0.00170902,0,0,0
tilted_plate_impact,0.0975,0,0,0,0,0.0123826,0.145182,5.42594,0.00109725,2.71101e-05,0.136656,0.198333,0.0616765,8.74444e-05,8.44029e-05,0,1,1,396,4,0.00170133,0,0,0
tilted_plate_impact,0.098,0,0,0,0,0.0124541,0.143886,5.51446,0.00109258,2.70951e-05,0.136598,0.198323,0.061725,0.00049821,0.000188118,0,1,1,432,4,0.0017863,0,0,0
tilted_plate_impact,0.0985,0,0,0,0,0.0125249,0.142598,5.60295,0.00108692,2.70514e-05,0.13654,0.198314,0.0617731,0.000210257,0.000116164,0,1,1,468,4,0.00177666,0,0,0
tilted_plate_impact,0.099,0,0,0,0,0.012595,0.141314,5.69265,0.00108495,2.71043e-05,0.136483,0.198304,0.0618207,8.76459e-05,8.13057e-05,0,1,1,468,4,0.00176703,0,0,0
tilted_plate_impact,0.0995,0,0,0,0,0.0126645,0.140044,5.78149,0.00107416,2.69289e-05,0.136427,0.198294,0.0618678,8.78351e-05,7.21074e-05,0,1,1,468,4,0.00175738,0,0,0
tilted_plate_impact,0.1,0,0,0,0,0.0127333,0.138766,5.87292,0.00108263,2.72466e-05,0.13637,0.198285,0.0619147,8.80849e-05,7.85771e-05,0,1,1,468,4,0.00174774,0,0,0
tilted_plate_impact,0.1005,0,0,0,0,0.0128015,0.137524,5.96107,0.00105334,2.65988e-05,0.136315,0.198275,0.0619604,0.000340844,0.000195175,0,1,1,468,4,0.00190483,0,0,0
tilted_plate_impact,0.101,0,0,0,0,0.012869,0.136237,6.0557,0.0010921,2.76959e-05,0.136259,0.198265,0.0620069,0.000143113,0.000110959,0,1,1,468,4,0.00189482,0,0,0
tilted_plate_impact,0.1015,0,0,0,0,0.012936,0.135035,6.14125,0.0010212,2.59811e-05,0.136205,0.198256,0.0620509,9.80255e-05,7.42446e-05,0,1,1,468,4,0.00188481,0,0,0
tilted_plate_impact,0.102,0,0,0,0,0.0130022,0.133725,6.24125,0.00111497,2.85246e-05,0.136149,0.198246,0.0620972,8.95124e-05,7.60919e-05,0,1,1,468,4,0.00187479,0,0,0
tilted_plate_impact,0.1025,0,0,0,0,0.0130679,0.132578,6.32229,0.00097711,2.50807e-05,0.136097,0.198237,0.0621391,0.00110963,0.000427958,0,1,1,468,4,0.00194396,0,0,0
tilted_plate_impact,0.103,0,0,0,0,0.0131329,0.131235,6.42847,0.00114652,2.96152e-05,0.136041,0.198227,0.0621856,0.00108318,0.000490587,0,1,1,468,4,0.00200658,0,0,0
tilted_plate_impact,0.1035,0,0,0,0,0.0131974,0.130149,6.50417,0.00092737,2.40735e-05,0.135992,0.198217,0.0622253,0.000504349,0.000233968,0,1,1,468,4,0.00199444,0,0,0
tilted_plate_impact,0.104,0,0,0,0,0.0132264,0.0640184,4.63426,0.0580236,0.000685613,0.109887,0.198208,0.0883205,0.000331407,0.000236222,0,1,1,468,4,0.00198228,0,0,0
tilted_plate_impact,0.1045,0,0,0,0,0.0131582,0.150144,5.55985,0.159093,0.00177138,0.0686399,0.198198,0.129558,0.000385457,0.000267627,0,1,1,468,4,0.00211295,0,0,0
tilted_plate_impact,0.105,0,0,0,0,0.0130861,0.158355,5.09338,0.00667789,0.000174537,0.0685433,0.198189,0.129645,0.0006995,0.000389269,0,1,1,468,4,0.00216752,0,0,0
tilted_plate_impact,0.1055,0,0,0,0,0.0130128,0.160815,5.32246,0.00205102,6.60706e-05,0.0681504,0.198179,0.130029,0.000365753,0.000260206,0,1,1,468,4,0.00215367,0,0,0
tilted_plate_impact,0.106,0,0,0,0,0.0128995,0.240039,7.77866,0.0654566,0.000826489,0.0632945,0.198169,0.134875,0.0003771,0.000249821,0,1,1,468,4,0.002204,0,0,0
tilted_plate_impact,0.1065,0,0,0,0,0.012781,0.250985,7.23908,0.00885733,0.000244196,0.0632843,0.19816,0.134875,0.00059248,0.000378354,0,1,1,468,4,0.00225353,0,0,0
tilted_plate_impact,0.107,0,0,0,0,0.0126626,0.250985,7.23831,6.93889e-18,2.39994e-09,0.0632746,0.19815,0.134875,0.000342628,0.00018971,0,1,1,468,4,0.00230028,0,0,0
tilted_plate_impact,0.1075,0,0,0,0,0.0125433,0.253047,7.33113,0.0016596,5.84465e-05,0.0631906,0.19814,0.13495,0.000791672,0.000311489,0,1,1,468,4,0.00234259,0,0,0
tilted_plate_impact,0.108,0,0,0,0,0.0124207,0.259854,7.70839,0.00572263,0.000188243,0.0630474,0.198131,0.135083,0.000368581,0.000161537,0,1,1,468,4,0.0023259,0,0,0
tilted_plate_impact,0.1085,0,0,0,0,0.012294,0.268441,7.47212,0.00689955,0.000159703,0.0629719,0.198121,0.135149,0.000173667,0.00010572,0,1,1,468,4,0.00230921,0,0,0
tilted_plate_impact,0.109,0,0,0,0,0.0121582,0.285671,8.0038,0.0151261,0.000263492,0.0629111,0.198112,0.1352,0.000917019,0.000508749,0,1,1,468,4,0.00257189,0,0,0
tilted_plate_impact,0.1095,1,1.67047e-16,0.0395619,1,0.0120178,0.295449,7.58267,0.00800055,0.000252161,0.0629176,0.198102,0.135184,0.00623616,0.0044008,0,1,1,468,4,0.00255294,0,0.0973614,0.26234
tilted_plate_impact,0.11,1,0,0.0396388,1,0.0118763,0.297988,7.6716,0.00211463,7.48466e-05,0.0628918,0.198092,0.135201,0.00119319,0.000692691,0,1,1,468,4,0.00253398,0,0.0485269,0.266702
tilted_plate_impact,0.1105,1,0,0.0397157,1,0.0117598,0.247086,10.1681,0.0417498,0.000933944,0.0628822,0.193448,0.130566,0.00107869,0.000758631,0,1,1,468,4,0.00262304,0,0.0689675,0.180724
tilted_plate_impact,0.111,0.0831595,0.0761148,0.00179098,0.587587,0.0116653,0.202381,14.0176,0.0374437,0.000993618,0.062868,0.194665,0.131797,0.000496298,0.000369104,0,1,1,468,4,0.00258472,0,0.0831595,0.152485
tilted_plate_impact,0.1115,0.0961291,0.0765379,0.00173801,0.461395,0.0115707,0.202606,14.0261,0.000216815,6.93572e-06,0.0628579,0.194655,0.131797,0.000183998,0.000156194,0,1,1,468,4,0.00248085,0,0.0961291,0.14537
tilted_plate_impact,0.112,0,0,0,0,0.0114717,0.21108,13.8183,0.00775201,5.13644e-05,0.0628262,0.194646,0.131819,0.00599746,0.00520561,0,1,1,468,4,0.00247558,0,0,0
tilted_plate_impact,0.1125,0,0,0,0,0.0113696,0.217021,14.0183,0.00499205,6.72035e-05,0.0628146,0.194636,0.131821,0.000425314,0.000252277,0,1,1,468,4,0.00237461,0,0,0
tilted_plate_impact,0.113,0,0,0,0,0.0112646,0.22307,13.731,0.0053557,7.71908e-05,0.0628117,0.194626,0.131815,0.000419472,0.000266423,0,1,1,468,4,0.00231897,0,0,0
tilted_plate_impact,0.1135,0,0,0,0,0.0111569,0.228276,14.0191,0.00440273,7.60001e-05,0.0628087,0.194617,0.131808,0.000265222,0.00019454,0,1,1,468,4,0.00226323,0,0,0
tilted_plate_impact,0.114,0,0,0,0,0.0110473,0.232426,13.6941,0.00351591,7.39182e-05,0.0628044,0.194607,0.131803,0.000406748,0.000220324,0,1,1,468,4,0.00225076,0,0,0
tilted_plate_impact,0.1145,0,0,0,0,0.0109349,0.237966,14.0467,0.00484782,7.90468e-05,0.062805,0.194597,0.131792,0.00050226,0.000255638,0,1,1,468,4,0.00214926,0,0,0
tilted_plate_impact,0.115,0,0,0,0,0.0108203,0.242577,13.6619,0.00383769,8.81323e-05,0.0628043,0.194588,0.131784,0.000353978,0.000196996,0,1,1,468,4,0.00204591,0,0,0
tilted_plate_impact,0.1155,0,0,0,0,0.0107032,0.247462,14.0339,0.00426738,8.36571e-05,0.0628044,0.194578,0.131774,0.000439085,0.00024053,0,1,1,468,4,0.00203093,0,0,0
tilted_plate_impact,0.116,0,0,0,0,0.0105841,0.251974,13.6663,0.00378428,8.26834e-05,0.0628038,0.194569,0.131765,0.000177707,0.000147146,0,1,1,468,4,0.00200721,0,0,0
tilted_plate_impact,0.1165,0,0,0,0,0.0104624,0.256874,14.0297,0.00427743,8.19481e-05,0.062804,0.194559,0.131755,0.00015548,0.000111135,0,1,1,468,4,0.00194045,0,0,0
tilted_plate_impact,0.117,0,0,0,0,0.0103387,0.261455,13.667,0.00384138,8.1868e-05,0.0628035,0.194549,0.131746,0.00399343,0.00130266,0,1,1,468,4,0.00191179,0,0,0
tilted_plate_impact,0.1175,0,0,0,0,0.0102126,0.266261,14.0248,0.00418253,8.07732e-05,0.0628035,0.19454,0.131736,0.000645077,0.0003618,0,1,1,468,4,0.00187614,0,0,0
tilted_plate_impact,0.118,0,0,0,0,0.0100843,0.271,13.6681,0.0039722,8.0495e-05,0.0628033,0.19453,0.131727,0.00158641,0.000600351,0,1,1,468,4,0.00186916,0,0,0
tilted_plate_impact,0.1185,0,0,0,0,0.00995368,0.275651,14.0207,0.00403558,7.96556e-05,0.0628029,0.194521,0.131718,0.00221129,0.000823283,0,1,1,468,4,0.00179464,0,0,0
tilted_plate_impact,0.119,0,0,0,0,0.00982086,0.280555,13.6702,0.00410774,7.90955e-05,0.0628031,0.194511,0.131708,0.00106202,0.00048862,0,1,1,468,4,0.00177445,0,0,0
tilted_plate_impact,0.1195,0,0,0,0,0.00968579,0.285159,14.0197,0.0039827,7.89381e-05,0.0628029,0.194501,0.131699,0.00221415,0.00101461,0,1,1,468,4,0.00171672,0,0,0
tilted_plate_impact,0.12,0,0,0,0,0.00954854,0.290053,13.6709,0.00409536,7.86372e-05,0.062803,0.194492,0.131689,0.000800669,0.000430328,0,1,1,468,4,0.0016782,0,0,0
tilted_plate_slide,0.0005,0.031963,0.382978,0.0142571,0.285252,4.53409e-05,0.0906819,0.810696,0.0816137,0.000275359,0.224141,0.243859,0.0197174,0,0,1,1,1,210,4,0.00358059,0,0.031963,0.965263
tilted_plate_slide,0.001,0.0599957,0.152352,0.00518101,0.220788,9.34599e-05,0.096238,1.01882,0.00500059,7.05149e-05,0.224852,0.247471,0.022619,0.0171099,0.00495561,0,1,1,210,4,0.00317472,0,0.0599957,0.355382
tilted_plate_slide,0.0015,0.0295927,0.379805,0.0136334,0.206239,0.000141579,0.096238,1.01935,2.498e-17,1.06255e-08,0.224841,0.24746,0.022619,0.0120772,0.00358375,0,1,1,196,4,0.00302522,0,0.0295927,0.921351
tilted_plate_slide,0.002,0.0491419,0.395584,0.0142248,0.144153,0.000189698,0.096238,1.01989,2.498e-17,1.06348e-08,0.22483,0.247449,0.022619,0.000703066,0.000510015,0,1,1,196,4,0.0028755,0,0.0491419,0.907068
tilted_plate_slide,0.0025,0.0346379,0.391614,0.013601,0.0462655,0.000237817,0.096238,1.02045,2.498e-17,1.0646e-08,0.224819,0.247438,0.022619,0.00237933,0.00135315,0,1,1,196,4,0.00251762,0,0.0346379,0.897446
tilted_plate_slide,0.003,0.140955,0.340026,0.0109898,0.16001,0.000285936,0.096238,1.02103,0,1.0659e-08,0.224809,0.247428,0.022619,0.00470432,0.00220393,0,1,1,182,4,0.00237953,0,0.140955,0.647756
tilted_plate_slide,0.0035,0.133129,0.315462,0.00982478,0.961043,0.000334055,0.096238,1.02162,5.0307e-17,1.0674e-08,0.224798,0.247417,0.0226191,0.00223883,0.00162478,0,1,1,182,4,0.00205735,0,0.133129,0.59126
tilted_plate_slide,0.004,0,0,0,0,0.000382174,0.096238,1.02223,5.0307e-17,1.06908e-08,0.224787,0.247406,0.0226191,0.0146856,0.00854119,0,1,1,168,4,0.00198932,0,0.00793051,4.34721e-05
tilted_plate_slide,0.0045,0,0,0,0,0.000430293,0.096238,1.02287,0,1.07095e-08,0.224776,0.247395,0.0226191,0.00229795,0.00204393,0,1,1,168,4,0.00164465,0,7.11685e-09,3.83071e-11
tilted_plate_slide,0.005,0,0,0,0,0.000478412,0.096238,1.02351,0,1.07301e-08,0.224765,0.247384,0.0226191,0.00869585,0.00448346,0,1,1,154,4,0.00138234,0,6.37086e-15,3.23941e-17
tilted_plate_slide,0.0055,0,0,0,0,0.000526531,0.096238,1.02418,0,1.07525e-08,0.224754,0.247374,0.0226191,0.00289241,0.00180752,0,1,1,146,4,0.00114408,0,5.73468e-21,2.54696e-23
tilted_plate_slide,0.006,0,0,0,0,0.00057465,0.096238,1.02487,2.51535e-17,1.07768e-08,0.224744,0.247363,0.0226191,0.0034508,0.0023798,0,1,1,140,4,0.000925287,0,5.34642e-27,1.89243e-29
tilted_plate_slide,0.0065,0,0,0,0,0.000622769,0.096238,1.02557,0,1.08029e-08,0.224733,0.247352,0.0226191,0.0095483,0.0058103,0,1,1,126,4,0.000703667,0,5.25989e-33,8.64435e-36
tilted_plate_slide,0.007,0,0,0,0,0.000670888,0.096238,1.02629,0,1.08308e-08,0.224722,0.247341,0.0226191,0.00954293,0.00397957,0,1,1,98,4,0.000440337,0,4.77443e-39,4.15135e-42
tilted_plate_slide,0.0075,0,0,0,0,0.000719007,0.096238,1.02703,0,1.08606e-08,0.224711,0.24733,0.0226191,0.0041176,0.00340658,0,1,1,82,4,0.000188991,0,4.71718e-45,6.83849e-48
tilted_plate_slide,0.008,0,0,0,0,0.000767126,0.096238,1.02779,5.0307e-17,1.08921e-08,0.2247,0.247319,0.0226191,0,0,1,0,0,42,0,0,0,0,0
tilted_plate_slide,0.0085,0,0,0,0,0.000815245,0.096238,1.02856,2.51535e-17,1.09255e-08,0.22469,0.247309,0.0226191,0,0,0,0,0,0,0,0,0,0,0
tilted_plate_slide,0.009,0,0,0,0,0.000863364,0.096238,1.02935,0,1.09606e-08,0.224679,0.247298,0.0226191,0,0,0,0,0,0,0,0,0,0,0
tilted_plate_slide,0.0095,0,0,0,0,0.000911483,0.096238,1.03016,0,1.09975e-08,0.224668,0.247287,0.0226191,0,0,0,0,0,0,0,0,0,0,0
tilted_plate_slide,0.01,0,0,0,0,0.000959602,0.096238,1.03099,0,1.10361e-08,0.224657,0.247276,0.0226191,0,0,0,0,0,0,0,0,0,0,0
tilted_plate_slide,0.0105,0,0,0,0,0.00100772,0.096238,1.03184,2.51535e-17,1.10765e-08,0.224646,0.247265,0.0226191,0,0,0,0,0,0,0,0,0,0,0
tilted_plate_slide,0.011,0,0,0,0,0.00105584,0.096238,1.0327,0,1.11186e-08,0.224635,0.247255,0.0226191,0,0,0,0,0,0,0,0,0,0,0
tilted_plate_slide,0.0115,0,0,0,0,0.00110396,0.096238,1.03359,0,1.11625e-08,0.224625,0.247244,0.0226192,0,0,0,0,0,0,0,0,0,0,0
tilted_plate_slide,0.012,0,0,0,0,0.00115208,0.096238,1.03449,5.0307e-17,1.1208e-08,0.224614,0.247233,0.0226192,0,0,0,0,0,0,0,0,0,0,0
tilted_plate_slide,0.0125,0,0,0,0,0.0012002,0.096238,1.03541,0,1.12552e-08,0.224603,0.247222,0.0226192,0,0,0,0,0,0,0,0,0,0,0
tilted_plate_slide,0.013,0,0,0,0,0.00124832,0.096238,1.03634,2.51535e-17,1.13041e-08,0.224592,0.247211,0.0226192,0,0,0,0,0,0,0,0,0,0,0
tilted_plate_slide,0.0135,0,0,0,0,0.00129643,0.096238,1.0373,0,1.13546e-08,0.224581,0.2472,0.0226192,0,0,0,0,0,0,0,0,0,0,0
tilted_plate_slide,0.014,0,0,0,0,0.00134455,0.096238,1.03827,0,1.14068e-08,0.22457,0.24719,0.0226192,0,0,0,0,0,0,0,0,0,0,0
tilted_plate_slide,0.0145,0,0,0,0,0.00139267,0.096238,1.03926,0,1.14606e-08,0.22456,0.247179,0.0226192,0,0,0,0,0,0,0,0,0,0,0
tilted_plate_slide,0.015,0,0,0,0,0.00144079,0.096238,1.04027,0,1.1516e-08,0.224549,0.247168,0.0226192,0,0,0,0,0,14,0,0,0,0,0
tilted_plate_slide,0.0155,0,0,0,0,0.00148891,0.096238,1.0413,2.51535e-17,1.1573e-08,0.224538,0.247157,0.0226192,0,0,0,0,0,28,0,0,0,0,0
tilted_plate_slide,0.016,0,0,0,0,0.00153703,0.096238,1.04235,0,1.16315e-08,0.224527,0.247146,0.0226192,0,0,0,0,0,42,0,0,0,0,0
tilted_plate_slide,0.0165,0,0,0,0,0.00158515,0.096238,1.04341,0,1.16917e-08,0.224516,0.247136,0.0226192,0,0,0,0,0,45,0,0,0,0,0
tilted_plate_slide,0.017,0,0,0,0,0.00163327,0.096238,1.04449,0,1.17533e-08,0.224505,0.247125,0.0226192,0,0,0,0,0,56,0,0,0,0,0
tilted_plate_slide,0.0175,0,0,0,0,0.00168139,0.096238,1.04559,0,1.18165e-08,0.224495,0.247114,0.0226192,0,0,0,0,0,61,0,0,0,0,0
tilted_plate_slide,0.018,0,0,0,0,0.00172951,0.096238,1.04671,2.51535e-17,1.18812e-08,0.224484,0.247103,0.0226193,0,0,0,0,0,70,0,0,0,0,0
tilted_plate_slide,0.0185,0,0,0,0,0.00177762,0.096238,1.04785,0,1.19474e-08,0.224473,0.247092,0.0226193,0,0,1,1,1,70,4,6.61564e-05,0,0,0
tilted_plate_slide,0.019,0,0,0,0,0.00182574,0.096238,1.04901,0,1.20151e-08,0.224462,0.247081,0.0226193,0.00915284,0.00336287,0,1,1,84,4,0.000169843,0,0,0
tilted_plate_slide,0.0195,0,0,0,0,0.00187386,0.096238,1.05018,0,1.20842e-08,0.224451,0.247071,0.0226193,0.00686834,0.00249328,0,1,1,84,4,0.000278207,0,0,0
tilted_plate_slide,0.02,0,0,0,0,0.00192198,0.096238,1.05137,2.51535e-17,1.21548e-08,0.224441,0.24706,0.0226193,0.00207271,0.000958383,0,1,1,84,4,0.000381976,0,0,0
tilted_plate_slide,0.0205,0,0,0,0,0.0019701,0.096238,1.05258,0,1.22268e-08,0.22443,0.247049,0.0226193,0.00110558,0.00100546,0,1,1,87,4,0.000496176,0,0,0
tilted_plate_slide,0.021,0,0,0,0,0.00201822,0.096238,1.05381,1.21431e-17,1.23003e-08,0.224419,0.247038,0.0226193,0.00128876,0.000826489,0,1,1,98,4,0.000583249,0,0,0
tilted_plate_slide,0.0215,0,0,0,0,0.00206634,0.096238,1.05506,0,1.23751e-08,0.224408,0.247027,0.0226193,0.00108341,0.000747483,0,1,1,98,4,0.000697019,0,0,0
tilted_plate_slide,0.022,0,0,0,0,0.00207996,0.0272388,6.27493,0.0621015,0.00246303,0.194813,0.247017,0.052204,0.00128886,0.00102418,0,1,1,98,4,0.00079997,0,0,0
tilted_plate_slide,0.0225,0,0,0,0,0.00207596,0.00810708,6.99282,0.0317191,0.00131999,0.183773,0.247006,0.0632329,0.000922454,0.000796399,0,1,1,98,4,0.000908744,0,0,0
tilted_plate_slide,0.023,0,0,0,0,0.00207197,0.00810708,6.99275,2.57488e-17,1.39156e-08,0.183762,0.246995,0.0632329,0.000820374,0.000624485,0,1,1,98,4,0.00102505,0,0,0
tilted_plate_slide,0.0235,0,0,0,0,0.00204486,0.0542771,10.2437,0.041614,0.00161415,0.176951,0.246984,0.0700331,0.000722401,0.000553191,0,1,1,98,4,0.00112736,0,0,0
tilted_plate_slide,0.024,0,0,0,0,0.00201776,0.0542771,10.2436,2.51535e-17,1.60286e-08,0.17694,0.246973,0.0700331,0.000702153,0.000578278,0,1,1,98,4,0.00125441,0,0,0
tilted_plate_slide,0.0245,0,0,0,0,0.00199066,0.0542771,10.2436,0,1.61537e-08,0.176929,0.246962,0.0700331,0.000886076,0.000689588,0,1,1,98,4,0.00136792,0,0,0
tilted_plate_slide,0.025,0,0,0,0,0.00196356,0.0542771,10.2435,0,1.62796e-08,0.176919,0.246952,0.0700331,0.000894874,0.000538506,0,1,1,98,4,0.00148148,0,0,0
tilted_plate_slide,0.0255,0,0,0,0,0.00193646,0.0542771,10.2434,0,1.64061e-08,0.176908,0.246941,0.0700331,0.000728834,0.000510215,0,1,1,98,4,0.00159539,0,0,0
tilted_plate_slide,0.026,0,0,0,0,0.00190346,0.0660907,11.0729,0.0106343,0.000411405,0.176066,0.24693,0.0708638,0.000813655,0.000457209,0,1,1,98,4,0.00168905,0,0,0
tilted_plate_slide,0.0265,0,0,0,0,0.00187046,0.0660907,11.0728,0,1.70346e-08,0.176055,0.246919,0.0708638,0.000912032,0.000562456,0,1,1,98,4,0.00178302,0,0,0
tilted_plate_slide,0.027,0,0,0,0,0.00183746,0.0660907,11.0727,0,1.71637e-08,0.176045,0.246908,0.0708638,0.000918005,0.000549734,0,1,1,84,4,0.00197129,0,0,0
tilted_plate_slide,0.0275,0.0637711,0.103879,0.00332534,0.175802,0.001893,0.114826,21.7229,0.161993,0.00600714,0.175816,0.236183,0.0603675,0.00746275,0.00777481,0,1,1,84,4,0.00207498,0,0.0226131,0.227826
tilted_plate_slide,0.028,0,0,0,0,0.00194849,0.11454,21.726,0.000263923,1.02753e-05,0.175789,0.236173,0.0603839,0.00801722,0.00722419,0,1,1,84,4,0.00174968,0,0.000328107,1.52601e-06
tilted_plate_slide,0.0285,0,0,0,0,0.00200185,0.11017,21.7319,0.00404065,0.000156014,0.175554,0.236163,0.0606091,0.000377915,0.000196058,0,1,1,84,4,0.00161243,0,2.90482e-10,1.37832e-12
tilted_plate_slide,0.029,0,0,0,0,0.00205529,0.11017,21.7367,5.0307e-17,8.86121e-08,0.175543,0.236152,0.0606096,0.000800431,0.000455716,0,1,1,84,4,0.00175822,0,2.53364e-16,1.27965e-18
tilted_plate_slide,0.0295,0,0,0,0,0.00210835,0.109266,21.7385,0.000837756,3.23838e-05,0.175486,0.236142,0.0606561,0.00140943,0.000618763,0,1,1,84,4,0.00187346,0,2.25329e-22,1.0499e-24
tilted_plate_slide,0.03,0,0,0,0,0.00216017,0.106684,21.7511,0.00239237,9.22732e-05,0.175349,0.236132,0.0607831,0.000663721,0.000347508,0,1,1,84,4,0.00194027,0,2.0212e-28,9.16611e-31
tilted_plate_slide,0.0305,1,0,0.0426036,1,0.002212,0.106586,21.7501,9.10759e-05,3.62949e-06,0.175333,0.236121,0.0607885,0.000631745,0.000483675,0,1,1,84,4,0.00203616,0,0.0759725,0.270209
tilted_plate_slide,0.031,1,6.61816e-17,0.0424038,1,0.00226231,0.103507,21.7657,0.00285831,0.000110121,0.175176,0.236111,0.0609349,0.000331721,0.000202222,0,1,1,84,4,0.00219096,0,0.0735118,0.264714
tilted_plate_slide,0.0315,1,7.24935e-17,0.0421155,1,0.00232353,0.124887,19.04,0.0195221,0.000711807,0.175165,0.23287,0.0577046,0.000747869,0.000551677,0,1,1,84,4,0.00225061,0,0.0544699,0.279414
tilted_plate_slide,0.032,0.0569892,0.142065,0.00422758,0.701819,0.00241237,0.179262,12.7593,0.049623,0.00180406,0.175063,0.233732,0.0586691,0.000532151,0.000247096,0,1,1,84,4,0.00234612,0,0.0569892,0.281979
tilted_plate_slide,0.0325,0.0764719,0.142707,0.00420695,0.177721,0.00250562,0.187889,11.9146,0.00784892,0.000286529,0.17502,0.235148,0.0601285,0.000279119,0.000218368,0,1,1,84,4,0.00235525,0,0.0764719,0.26433
tilted_plate_slide,0.033,0.0742992,0.141271,0.00410287,3.51946,0.00259773,0.185528,11.8494,0.00215013,8.26168e-05,0.174902,0.235137,0.0602349,0.000483932,0.00030902,0,1,1,84,4,0.00232474,0,0.0742992,0.267218
tilted_plate_slide,0.0335,0,0,0,0,0.0026897,0.18516,11.843,0.000334834,1.28599e-05,0.174875,0.235126,0.0602513,0.000478657,0.000402164,0,1,1,84,4,0.00229056,0,5.18779e-05,5.62326e-07
tilted_plate_slide,0.034,0,0,0,0,0.00278053,0.18282,11.7819,0.00213214,8.18501e-05,0.17476,0.235116,0.0603552,0.000499018,0.000309603,0,1,1,84,4,0.00225413,0,3.25445e-11,3.52995e-13
tilted_plate_slide,0.0345,0,0,0,0,0.00287119,0.182426,11.7735,0.0003586,1.37598e-05,0.174732,0.235105,0.0603725,0.000359707,0.000257184,0,1,1,84,4,0.00224771,0,2.0945e-17,2.23707e-19
tilted_plate_slide,0.035,0,0,0,0,0.00296071,0.180093,11.7162,0.0021258,8.15334e-05,0.17462,0.235094,0.0604743,0.000376911,0.000301961,0,1,1,84,4,0.00217284,0,1.38362e-23,1.43517e-25
tilted_plate_slide,0.0355,0,0,0,0,0.00305006,0.179686,11.7064,0.000371658,1.42491e-05,0.174591,0.235083,0.0604919,0.000870893,0.000502833,0,1,1,84,4,0.00215886,0,9.45551e-30,9.30618e-32
tilted_plate_slide,0.036,0,0,0,0,0.00313825,0.17735,11.6522,0.00212889,8.15806e-05,0.17448,0.235072,0.0605921,0.000517753,0.000336148,0,1,1,84,4,0.00210679,0,6.67784e-36,6.28966e-38
tilted_plate_slide,0.0365,0,0,0,0,0.00322626,0.176938,11.6415,0.000376019,1.44055e-05,0.174452,0.235062,0.0606097,0.000657438,0.000361175,0,1,1,84,4,0.00204841,0,4.94309e-42,4.30607e-44
tilted_plate_slide,0.037,0,0,0,0,0.00331311,0.174592,11.5902,0.00213952,8.19184e-05,0.174342,0.235051,0.0607086,0.00045235,0.000276575,0,1,1,84,4,0.00197848,0,3.75118e-48,3.12323e-50
tilted_plate_slide,0.0375,0,0,0,0,0.00339977,0.174183,11.579,0.000373387,1.42948e-05,0.174314,0.23504,0.0607257,0.000722594,0.000281385,0,1,1,70,4,0.00198047,0,2.94261e-54,2.26592e-56
tilted_plate_slide,0.038,0,0,0,0,0.00348526,0.17182,11.5303,0.00215607,8.24845e-05,0.174206,0.235029,0.0608235,0.00093313,0.000419467,0,1,1,70,4,0.00184667,0,2.41458e-60,1.64993e-62
tilted_plate_slide,0.0385,0,0,0,0,0.00357057,0.17142,11.5188,0.000365211,1.39728e-05,0.174178,0.235018,0.0608399,0.00160488,0.00082561,0,1,1,70,4,0.00184044,0,1.97315e-66,1.27249e-68
tilted_plate_slide,0.039,0,0,0,0,0.00365469,0.169035,11.4725,0.00217718,8.32263e-05,0.174071,0.235007,0.0609367,0.000812048,0.000521692,0,1,1,70,4,0.00177909,0,1.62019e-72,1.00123e-74
tilted_plate_slide,0.0395,0,0,0,0,0.00373863,0.168648,11.461,0.000352711,1.34866e-05,0.174044,0.234997,0.0609523,0.000977322,0.000391996,0,1,1,70,4,0.00170996,0,1.33045e-78,7.85114e-81
tilted_plate_slide,0.04,0,0,0,0,0.00382137,0.166238,11.417,0.00220169,8.40995e-05,0.173938,0.234986,0.0610481,0.00105986,0.000468404,0,1,1,70,4,0.00168646,0,1.09011e-84,6.11239e-87
tilted_plate_slide,0.0405,0,0,0,0,0.00390394,0.165869,11.4056,0.000336918,1.28758e-05,0.173912,0.234975,0.0610627,0.00110065,0.000431567,0,1,1,70,4,0.00160102,0,9.17953e-91,4.57718e-93
tilted_plate_slide,0.041,0,0,0,0,0.0039853,0.16343,11.3638,0.00222863,8.50665e-05,0.173806,0.234964,0.0611577,0.00118554,0.000662917,0,1,1,70,4,0.00156917,0,7.71015e-97,3.61299e-99
tilted_plate_slide,0.0415,0,0,0,0,0.00406649,0.163081,11.3527,0.000318694,1.21734e-05,0.173782,0.234953,0.0611712,0.00112991,0.000491296,0,1,1,70,4,0.00153298,0,6.69181e-103,2.69038e-105
tilted_plate_slide,0.042,0,0,0,0,0.00414644,0.160613,11.313,0.00225716,8.60962e-05,0.173677,0.234942,0.0612652,0.000572655,0.00033143,0,1,1,70,4,0.00149042,0,5.54438e-109,2.35692e-111
tilted_plate_slide,0.0425,0,0,0,0,0.00422624,0.160286,11.3024,0.000298763,1.14073e-05,0.173654,0.234932,0.0612776,0.000305615,0.000222201,0,1,1,70,4,0.00144616,0,4.52022e-115,1.92959e-117
tilted_plate_slide,0.043,0,0,0,0,0.00430479,0.157787,11.2648,0.0022866,8.71621e-05,0.17355,0.234921,0.0613707,0.00363245,0.00353452,0,1,1,70,4,0.00130842,0,3.70848e-121,1.12014e-123
tilted_plate_slide,0.0435,0,0,0,0,0.0043832,0.157483,11.2547,0.000277729,1.06005e-05,0.173528,0.23491,0.0613819,0.000679566,0.000336799,0,1,1,70,4,0.00132864,0,2.60683e-127,8.25156e-130
tilted_plate_slide,0.044,0,0,0,0,0.00446034,0.154953,11.2192,0.00231636,8.82425e-05,0.173425,0.234899,0.0614739,0.000298654,0.000185149,0,1,1,70,4,0.00134884,0,2.06404e-133,6.78786e-136
tilted_plate_slide,0.0445,0,0,0,0,0.00453735,0.154673,11.2096,0.000256097,9.77206e-06,0.173404,0.234888,0.0614841,0.000167175,0.000117902,0,1,1,70,4,0.00136902,0,1.61852e-139,5.43941e-142
tilted_plate_slide,0.045,0,0,0,0,0.00461307,0.152112,11.1763,0.00234596,8.93191e-05,0.173303,0.234878,0.0615749,0.00057351,0.000251472,0,1,1,70,4,0.0012228,0,1.40221e-145,3.76146e-148
tilted_plate_slide,0.0455,0,0,0,0,0.00468867,0.151856,11.1672,0.000234284,8.938e-06,0.173283,0.234867,0.061584,0.000295945,0.00017065,0,1,1,70,4,0.00113608,0,0,0
tilted_plate_slide,0.046,0,0,0,0,0.00476297,0.149266,11.1361,0.00237498,9.03765e-05,0.173182,0.234856,0.0616735,0.000561699,0.000313365,0,1,1,70,4,0.00115192,0,0,0
tilted_plate_slide,0.0465,0,0,0,0,0.00483717,0.149034,11.1276,0.000212637,8.11139e-06,0.173164,0.234845,0.0616815,0.00028255,0.000165431,0,1,1,70,4,0.00116775,0,0,0
tilted_plate_slide,0.047,0,0,0,0,0.00491004,0.146414,11.0987,0.0024031,9.14024e-05,0.173065,0.234834,0.0617697,0.00015205,0.000107088,0,1,1,70,4,0.00118356,0,0,0
tilted_plate_slide,0.0475,0,0,0,0,0.00498282,0.146205,11.0908,0.000191444,7.30304e-06,0.173047,0.234823,0.0617767,0.00342877,0.00110943,0,1,1,70,4,0.00109715,0,0,0
tilted_plate_slide,0.048,0,0,0,0,0.00505427,0.143559,11.0642,0.00243002,9.23861e-05,0.172949,0.234813,0.0618634,0.00057027,0.000293083,0,1,1,70,4,0.00110941,0,0,0
tilted_plate_slide,0.0485,0,0,0,0,0.00512563,0.143372,11.0569,0.000170943,6.52185e-06,0.172932,0.234802,0.0618695,0.00079529,0.000401162,0,1,1,70,4,0.00101049,0,0,0
tilted_plate_slide,0.049,0,0,0,0,0.00519564,0.1407,11.0326,0.00245552,9.33191e-05,0.172836,0.234791,0.0619545,0.000367767,0.000207717,0,1,1,70,4,0.00102136,0,0,0
tilted_plate_slide,0.0495,0,0,0,0,0.00526558,0.140535,11.0258,0.000151328,5.77508e-06,0.17282,0.23478,0.0619597,0.000158058,0.000117473,0,1,1,70,4,0.00103221,0,0,0
tilted_plate_slide,0.05,0,0,0,0,0.00533416,0.137839,11.004,0.00247939,9.41944e-05,0.172726,0.234769,0.062043,8.9694e-05,8.07533e-05,0,1,1,70,4,0.00104305,0,0,0
tilted_plate_slide,0.0505,0,0,0,0,0.00540267,0.137695,10.9977,0.000132759,5.06866e-06,0.172711,0.234759,0.0620474,8.41903e-05,7.27956e-05,0,1,1,70,4,0.00105388,0,0,0
tilted_plate_slide,0.051,0,0,0,0,0.00546981,0.134978,10.9784,0.00250149,9.50061e-05,0.172619,0.234748,0.0621287,0.000574619,0.000325845,0,1,1,70,4,0.00106469,0,0,0
tilted_plate_slide,0.0515,0,0,0,0,0.0055369,0.134852,10.9727,0.000115368,4.40742e-06,0.172604,0.234737,0.0621325,0.0025434,0.00227736,0,1,1,70,4,0.000958974,0,0,0
tilted_plate_slide,0.052,0,0,0,0,0.0056026,0.132116,10.9558,0.00252166,9.57494e-05,0.172514,0.234726,0.0622118,0.000579087,0.000277301,0,1,1,70,4,0.00096613,0,0,0
tilted_plate_slide,0.0525,0,0,0,0,0.00566826,0.132008,10.9506,9.92617e-05,3.79526e-06,0.1725,0.234715,0.0622149,0.0022146,0.00103803,0,1,1,70,4,0.000829248,0,0,0
tilted_plate_slide,0.053,0,0,0,0,0.00573252,0.129255,10.9364,0.00253982,9.64205e-05,0.172412,0.234704,0.062292,0.000339506,0.000312685,0,1,1,70,4,0.000837855,0,0,0
tilted_plate_slide,0.0535,0,0,0,0,0.00579675,0.129163,10.9316,8.45271e-05,3.23532e-06,0.172399,0.234694,0.0622946,0.000185746,0.000167479,0,1,1,70,4,0.000846448,0,0,0
tilted_plate_slide,0.054,0,0,0,0,0.00585957,0.126396,10.92,0.00255586,9.70163e-05,0.172313,0.234683,0.0623695,0.000115695,0.000103883,0,1,1,70,4,0.000855028,0,0,0
tilted_plate_slide,0.0545,0,0,0,0,0.00592236,0.126319,10.9157,7.12366e-05,2.73017e-06,0.1723,0.234672,0.0623716,8.73299e-05,8.07409e-05,0,1,1,70,4,0.000863594,0,0,0
tilted_plate_slide,0.055,0,0,0,0,0.00598374,0.12354,10.9068,0.00256972,9.75342e-05,0.172217,0.234661,0.0624441,7.69926e-05,7.35617e-05,0,1,1,70,4,0.000872146,0,0,0
tilted_plate_slide,0.0555,0,0,0,0,0.0060451,0.123475,10.9029,5.94474e-05,2.28175e-06,0.172204,0.23465,0.0624458,0.000556981,0.000313649,0,1,1,70,4,0.000880685,0,0,0
tilted_plate_slide,0.056,0,0,0,0,0.00610504,0.120688,10.8967,0.00258135,9.79724e-05,0.172124,0.234639,0.0625158,0.000281267,0.000175672,0,1,1,70,4,0.000889209,0,0,0
tilted_plate_slide,0.0565,0,0,0,0,0.00616497,0.120634,10.8932,4.92028e-05,1.89152e-06,0.172111,0.234629,0.0625172,0.000444771,0.000257519,0,1,1,70,4,0.000897718,0,0,0
tilted_plate_slide,0.057,0,0,0,0,0.00622347,0.11784,10.8898,0.0025907,9.83292e-05,0.172033,0.234618,0.0625847,0.000355493,0.000212701,0,1,1,70,4,0.000906213,0,0,0
tilted_plate_slide,0.0575,0,0,0,0,0.00628196,0.117797,10.8867,4.05391e-05,1.56061e-06,0.172021,0.234607,0.0625857,0.000185088,0.00012717,0,1,1,70,4,0.000914693,0,0,0
tilted_plate_slide,0.058,0,0,0,0,0.00633902,0.115,10.8861,0.00259774,9.86036e-05,0.171946,0.234596,0.0626506,0.000494045,0.000281955,0,1,1,70,4,0.000923158,0,0,0
tilted_plate_slide,0.0585,0,0,0,0,0.00639608,0.114963,10.8834,3.34855e-05,1.28992e-06,0.171934,0.234585,0.0626514,0.000257068,0.000163225,0,1,1,70,4,0.000931607,0,0,0
tilted_plate_slide,0.059,0,0,0,0,0.00645171,0.112166,10.8855,0.00260245,9.87946e-05,0.171861,0.234575,0.0627136,0.000144309,0.000106477,0,1,1,70,4,0.000940041,0,0,0
tilted_plate_slide,0.0595,0,0,0,0,0.00650733,0.112136,10.8831,2.80645e-05,1.08019e-06,0.171849,0.234564,0.0627143,0.000511302,0.000290496,0,1,1,70,4,0.000948459,0,0,0
tilted_plate_slide,0.06,0,0,0,0,0.00656152,0.10934,10.8881,0.00260481,9.89017e-05,0.171779,0.234553,0.0627737,0.000778335,0.000374876,0,1,1,70,4,0.00107908,0,0,0
tilted_plate_slide,0.0605,0,0,0,0,0.00661571,0.109314,10.8861,2.42926e-05,9.32315e-07,0.171768,0.234542,0.0627742,0.000421382,0.000209549,0,1,1,70,4,0.00108603,0,0,0
tilted_plate_slide,0.061,0,0,0,0,0.00666847,0.106524,10.8938,0.00260482,9.89244e-05,0.1717,0.234531,0.0628308,0.000243754,0.000130577,0,1,1,70,4,0.00109297,0,0,0
tilted_plate_slide,0.0615,0,0,0,0,0.00672123,0.106501,10.8922,2.21821e-05,8.47548e-07,0.171689,0.23452,0.0628313,0.000534665,0.000322983,0,1,1,70,4,0.0010999,0,0,0
tilted_plate_slide,0.062,0,0,0,0,0.00677257,0.103719,10.9027,0.00260247,9.88629e-05,0.171625,0.23451,0.0628851,0.000274346,0.000182032,0,1,1,70,4,0.00110681,0,0,0
tilted_plate_slide,0.0625,0,0,0,0,0.0068239,0.103696,10.9014,2.17417e-05,8.27458e-07,0.171613,0.234499,0.0628856,0.000151498,0.000115152,0,1,1,70,4,0.00111371,0,0,0
tilted_plate_slide,0.063,0,0,0,0,0.00687381,0.100925,10.9146,0.00259777,9.87166e-05,0.171551,0.234488,0.0629365,0.000510262,0.000293276,0,1,1,70,4,0.00112059,0,0,0
tilted_plate_slide,0.0635,0,0,0,0,0.00692371,0.100901,10.9137,2.29822e-05,8.73436e-07,0.17154,0.234477,0.0629369,0.000328598,0.00020129,0,1,1,70,4,0.00112746,0,0,0
tilted_plate_slide,0.064,0,0,0,0,0.0069722,0.0981449,10.9296,0.00259072,9.8486e-05,0.171481,0.234466,0.062985,0.000417133,0.000245499,0,1,1,70,4,0.00113431,0,0,0
tilted_plate_slide,0.0645,0,0,0,0,0.00702068,0.0981173,10.9291,2.59048e-05,9.85637e-07,0.17147,0.234456,0.0629854,0.000217111,0.00014508,0,1,1,70,4,0.00114115,0,0,0
tilted_plate_slide,0.065,0,0,0,0,0.00706775,0.0953785,10.9476,0.00258134,9.81712e-05,0.171414,0.234445,0.0630306,0.000477975,0.000276216,0,1,1,70,4,0.00114797,0,0,0
tilted_plate_slide,0.0655,0,0,0,0,0.00711481,0.0953462,10.9475,3.05121e-05,1.16354e-06,0.171403,0.234434,0.0630311,0.00034178,0.00020831,0,1,1,70,4,0.00115478,0,0,0
tilted_plate_slide,0.066,0,0,0,0,0.00716047,0.0926276,10.9686,0.00256964,9.77726e-05,0.17135,0.234423,0.0630735,0.000181005,0.000127673,0,1,1,70,4,0.00116158,0,0,0
tilted_plate_slide,0.0665,0,0,0,0,0.00720612,0.0925887,10.969,3.6804e-05,1.40641e-06,0.171338,0.234412,0.063074,0.00049938,0.000288056,0,1,1,70,4,0.00116835,0,0,0
tilted_plate_slide,0.067,0,0,0,0,0.00725037,0.0898935,10.9926,0.00255564,9.72908e-05,0.171288,0.234401,0.0631135,0.000330617,0.000203928,0,1,1,70,4,0.00117511,0,0,0
tilted_plate_slide,0.0675,0,0,0,0,0.0072946,0.0898463,10.9935,4.47783e-05,1.71371e-06,0.171276,0.234391,0.0631142,0.000423186,0.000250787,0,1,1,70,4,0.00118186,0,0,0
tilted_plate_slide,0.068,0,0,0,0,0.00733745,0.0871774,11.0194,0.00253938,9.6726e-05,0.171229,0.23438,0.0631509,0.000368017,0.000223666,0,1,1,70,4,0.00118859,0,0,0
tilted_plate_slide,0.0685,0,0,0,0,0.00738028,0.0871203,11.0209,5.44359e-05,2.08536e-06,0.171217,0.234369,0.0631516,0.000406038,0.0002432,0,1,1,70,4,0.0011953,0,0,0
tilted_plate_slide,0.069,0,0,0,0,0.00742173,0.0844809,11.0491,0.00252086,9.6079e-05,0.171173,0.234358,0.0631855,0.000376268,0.000228863,0,1,1,70,4,0.001202,0,0,0
tilted_plate_slide,0.0695,0,0,0,0,0.00746315,0.0844122,11.0512,6.57712e-05,2.52118e-06,0.171161,0.234347,0.0631863,0.000196167,0.000138643,0,1,1,70,4,0.00120868,0,0,0
tilted_plate_slide,0.07,0,0,0,0,0.00750322,0.0818052,11.0816,0.00250013,9.53505e-05,0.171119,0.234336,0.0632175,0.000117887,9.89764e-05,0,1,1,70,4,0.00121534,0,0,0
tilted_plate_slide,0.0705,0,0,0,0,0.00754324,0.0817233,11.0843,7.87814e-05,3.02124e-06,0.171107,0.234326,0.0632184,0.000765466,0.000483621,0,1,1,70,4,0.0014087,0,0,0
tilted_plate_slide,0.071,0,0,0,0,0.00758192,0.079152,11.1168,0.00247721,9.45412e-05,0.171068,0.234315,0.0632469,0.00041152,0.000275962,0,1,1,70,4,0.00141434,0,0,0
tilted_plate_slide,0.0715,0,0,0,0,0.00762055,0.0790553,11.1202,9.34624e-05,3.5856e-06,0.171056,0.234304,0.0632479,0.00152795,0.000483116,0,1,1,70,4,0.00141996,0,0,0
tilted_plate_slide,0.072,0,0,0,0,0.00765785,0.0765228,11.1547,0.00245213,9.36519e-05,0.171019,0.234293,0.0632738,0.000962132,0.00048156,0,1,1,70,4,0.00158556,0,0,0
tilted_plate_slide,0.0725,0,0,0,0,0.0076951,0.0764097,11.1588,0.00010981,4.21434e-06,0.171008,0.234282,0.0632748,0.000508313,0.000271143,0,1,1,70,4,0.00159168,0,0,0
tilted_plate_slide,0.073,0,0,0,0,0.00773103,0.0739192,11.1951,0.00242493,9.26833e-05,0.170973,0.234272,0.0632982,0.000286083,0.000171434,0,1,1,70,4,0.00159778,0,0,0
tilted_plate_slide,0.0735,0,0,0,0,0.0077669,0.0737883,11.2001,0.000127822,4.90759e-06,0.170961,0.234261,0.0632993,0.00114519,0.000424769,0,1,1,70,4,0.00175255,0,0,0
tilted_plate_slide,0.074,0,0,0,0,0.00780146,0.0713431,11.2381,0.00239563,9.16363e-05,0.17093,0.23425,0.0633202,0.000743631,0.000276592,0,1,1,70,4,0.00176013,0,0,0
tilted_plate_slide,0.0745,0,0,0,0,0.00783595,0.0711931,11.244,0.000147494,5.66544e-06,0.170918,0.234239,0.0633214,0.000400095,0.000171003,0,1,1,84,4,0.00176769,0,0,0
tilted_plate_slide,0.075,0,0,0,0,0.00786916,0.0687963,11.2836,0.00236429,9.05117e-05,0.170888,0.234228,0.06334,0.000235031,0.000125092,0,1,1,84,4,0.00177522,0,0,0
tilted_plate_slide,0.0755,0,0,0,0,0.00790229,0.0686258,11.2904,0.000168822,6.48798e-06,0.170876,0.234217,0.0633411,0.000160751,0.000107344,0,1,1,84,4,0.00178273,0,0,0
tilted_plate_slide,0.076,0,0,0,0,0.00793415,0.0662809,11.3314,0.00233092,8.93106e-05,0.170849,0.234207,0.0633574,0.000786291,0.000381832,0,1,1,84,4,0.0020706,0,0,0
tilted_plate_slide,0.0765,0,0,0,0,0.00796591,0.0660888,11.3393,0.000191802,7.37532e-06,0.170837,0.234196,0.0633586,0.00284217,0.000826826,0,1,1,84,4,0.00207933,0,0,0
tilted_plate_slide,0.077,0,0,0,0,0.00799643,0.0637991,11.3815,0.00229558,8.80336e-05,0.170812,0.234185,0.0633727,0.001852,0.00054759,0,1,1,84,4,0.00208804,0,0,0
tilted_plate_slide,0.0775,0,0,0,0,0.00802684,0.0635843,11.3906,0.000216432,8.32759e-06,0.1708,0.234174,0.0633738,0.00095013,0.000310852,0,1,1,84,4,0.00209672,0,0,0
tilted_plate_slide,0.078,0,0,0,0,0.00805602,0.0613534,11.4339,0.00225829,8.66819e-05,0.170777,0.234163,0.0633859,0.00267499,0.000877904,0,1,1,84,4,0.00223514,0,0,0
tilted_plate_slide,0.0785,0,0,0,0,0.00808509,0.0611149,11.4443,0.00024271,9.34495e-06,0.170766,0.234152,0.063387,0.00211325,0.000799693,0,1,1,84,4,0.00224383,0,0,0
tilted_plate_slide,0.079,0,0,0,0,0.00811294,0.0589463,11.4884,0.0022191,8.52562e-05,0.170745,0.234142,0.0633971,0.00108249,0.000426824,0,1,1,84,4,0.00225249,0,0,0
tilted_plate_slide,0.0795,1,0,0.0352965,1,0.00814067,0.0586834,11.5001,0.000270634,1.04275e-05,0.170733,0.234131,0.0633981,0.00164421,0.000831651,0,1,1,84,4,0.00226112,0,0.111441,0.170424
tilted_plate_slide,0.08,1,7.58942e-17,0.0352276,1,0.00816824,0.0584655,11.3183,0.000392901,3.26545e-05,0.170714,0.233711,0.0629972,0.000820258,0.000403644,0,1,1,84,4,0.00240546,0,0.144469,0.302571
tilted_plate_slide,0.0805,0.50281,0.0802471,0.00247724,0.751439,0.0082455,0.160781,4.69193,0.100676,0.00271352,0.170702,0.231199,0.0604972,0.000537265,0.000336066,0,1,1,84,4,0.00254232,0,0.139617,0.300082
tilted_plate_slide,0.081,0.561826,0.0966088,0.00265561,0.0749507,0.00832449,0.164814,4.34936,0.00401496,7.29057e-05,0.170685,0.231863,0.0611786,0.000227378,0.000155848,0,1,1,84,4,0.00240874,0,0.162702,0.381528
tilted_plate_slide,0.0815,0,0,0,0,0.00840337,0.164464,4.35213,0.000331415,1.2786e-05,0.170673,0.231852,0.0611793,0.000832062,0.000491765,0,1,1,84,4,0.00226558,0,0.000208273,6.66672e-07
tilted_plate_slide,0.082,0,0,0,0,0.00848117,0.16226,4.31072,0.00209049,8.05422e-05,0.170657,0.231842,0.0611843,0.000401176,0.000256389,0,1,1,84,4,0.002259,0,1.29316e-10,4.52852e-13
tilted_plate_slide,0.0825,0,0,0,0,0.00855883,0.161876,4.31463,0.000364267,1.40651e-05,0.170646,0.231831,0.0611849,0.000196328,0.00014103,0,1,1,84,4,0.00225242,0,7.80736e-17,2.85579e-19
tilted_plate_slide,0.083,0,0,0,0,0.00863544,0.159725,4.27969,0.0020441,7.88312e-05,0.170632,0.23182,0.0611883,0.00047099,0.000221446,0,1,1,84,4,0.00224582,0,4.59725e-23,1.71868e-25
tilted_plate_slide,0.0835,0,0,0,0,0.00871188,0.159306,4.28494,0.00039875,1.54095e-05,0.170621,0.231809,0.0611887,0.000240673,0.000122031,0,1,1,84,4,0.00223922,0,2.68127e-29,1.01379e-31
tilted_plate_slide,0.084,0,0,0,0,0.00878729,0.157209,4.25624,0.00199609,7.70537e-05,0.170608,0.231798,0.0611908,0.000129252,7.71335e-05,0,1,1,84,4,0.00223261,0,1.55569e-35,5.91827e-38
tilted_plate_slide,0.0845,0,0,0,0,0.00886251,0.156752,4.263,0.0004348,1.68162e-05,0.170597,0.231788,0.0611909,0.000440103,0.000152016,0,1,1,98,4,0.00209471,0,8.525e-42,3.56196e-44
tilted_plate_slide,0.085,0,0,0,0,0.00893668,0.15451,4.23969,0.00204103,7.50107e-05,0.170586,0.231777,0.0611911,0.000489053,0.00026862,0,1,1,98,4,0.00208619,0,4.52805e-48,1.8958e-50
tilted_plate_slide,0.0855,0,0,0,0,0.00901065,0.153997,4.2439,0.000465953,1.67008e-05,0.170575,0.231766,0.0611909,0.000302461,0.000186396,0,1,1,98,4,0.00193287,0,2.46251e-54,9.35442e-57
tilted_plate_slide,0.086,0,0,0,0,0.00908353,0.151646,4.24632,0.00212612,7.59602e-05,0.170565,0.231755,0.0611901,0.000548532,0.000320976,0,1,1,98,4,0.00192533,0,1.33973e-60,5.08516e-63
tilted_plate_slide,0.0865,0,0,0,0,0.00915624,0.151219,4.23307,0.000389176,1.43111e-05,0.170554,0.231744,0.0611901,0.000313141,0.000176126,0,1,1,98,4,0.00191778,0,7.18499e-67,2.72752e-69
tilted_plate_slide,0.087,0,0,0,0,0.0092279,0.148937,4.24059,0.00206461,7.3883e-05,0.170544,0.231734,0.0611893,0.000407385,0.000202854,0,1,1,98,4,0.00191022,0,3.92603e-73,1.49653e-75
tilted_plate_slide,0.0875,0,0,0,0,0.00929935,0.148446,4.22714,0.000446315,1.64372e-05,0.170534,0.231723,0.0611893,0.000381601,0.000187197,0,1,1,98,4,0.00190265,0,2.10781e-79,8.01709e-82
tilted_plate_slide,0.088,0,0,0,0,0.00936978,0.146246,4.24204,0.00199159,7.14053e-05,0.170524,0.231712,0.0611885,0.00110938,0.000622286,0,1,1,98,4,0.00189508,0,1.34979e-85,5.1592e-88
tilted_plate_slide,0.0885,0,0,0,0,0.00943998,0.14569,4.22947,0.000505147,1.86115e-05,0.170513,0.231701,0.0611884,0.000552078,0.00040547,0,1,1,98,4,0.00188749,0,7.92374e-92,3.01978e-94
tilted_plate_slide,0.089,0,0,0,0,0.00950918,0.143574,4.25064,0.00191583,6.88297e-05,0.170503,0.23169,0.0611876,0.000835342,0.000556986,0,1,1,98,4,0.00172864,0,4.99819e-98,1.97858e-100
tilted_plate_slide,0.0895,0,0,0,0,0.00957812,0.142951,4.23996,0.000566993,2.08847e-05,0.170492,0.23168,0.0611875,0.000689122,0.000391138,0,1,1,98,4,0.00172002,0,3.06424e-104,1.21683e-106
tilted_plate_slide,0.09,0,0,0,0,0.00964611,0.140923,4.26631,0.00183708,6.61462e-05,0.170482,0.231669,0.0611867,0.000766563,0.000580005,0,1,1,112,4,0.00171139,0,1.95687e-110,7.71787e-113
tilted_plate_slide,0.0905,0,0,0,0,0.00971379,0.140228,4.2585,0.000632117,2.327e-05,0.170471,0.231658,0.0611865,0.00072355,0.000459407,0,1,1,112,4,0.00170275,0,1.20969e-116,4.78968e-119
tilted_plate_slide,0.091,0,0,0,0,0.00978056,0.138291,4.28889,0.00175516,6.3346e-05,0.170461,0.231647,0.0611858,0.00035975,0.000232547,0,1,1,112,4,0.0016941,0,7.59236e-123,3.01787e-125
tilted_plate_slide,0.0915,0,0,0,0,0.00984698,0.137521,4.28488,0.00070073,2.57789e-05,0.170451,0.231636,0.0611855,0.000484632,0.000314452,0,1,1,112,4,0.00168545,0,4.59162e-129,1.81581e-131
tilted_plate_slide,0.092,0,0,0,0,0.00991254,0.135679,4.31821,0.00166989,6.0422e-05,0.170441,0.231626,0.0611848,0.000467007,0.000330156,0,1,1,112,4,0.00167679,0,2.71742e-135,1.0767e-137
tilted_plate_slide,0.0925,0,0,0,0,0.00997771,0.134829,4.31886,0.000772986,2.84212e-05,0.17043,0.231615,0.0611844,0.000458604,0.000365547,0,1,1,112,4,0.00166812,0,1.67188e-141,6.6302e-144
tilted_plate_slide,0.093,0,0,0,0,0.0100421,0.133086,4.35406,0.00158115,5.73693e-05,0.17042,0.231604,0.0611838,0.000377225,0.000345532,0,1,1,112,4,0.00165944,0,9.98256e-148,3.84993e-150
tilted_plate_slide,0.0935,0,0,0,0,0.010106,0.132153,4.36017,0.000848969,3.12047e-05,0.17041,0.231593,0.0611833,0.000406025,0.00035657,0,1,1,112,4,0.00165075,0,0,0
tilted_plate_slide,0.094,0,0,0,0,0.0101691,0.130513,4.39618,0.00148888,5.4185e-05,0.1704,0.231582,0.0611827,0.000977466,0.000569854,0,1,1,126,4,0.00164206,0,0,0
tilted_plate_slide,0.0945,0,0,0,0,0.0102318,0.129493,4.40846,0.000928674,3.41347e-05,0.170389,0.231572,0.0611822,0.00061954,0.000353675,0,1,1,126,4,0.00163336,0,0,0
tilted_plate_slide,0.095,0,0,0,0,0.0102937,0.127959,4.44431,0.00139309,5.08689e-05,0.170379,0.231561,0.0611815,0.000482468,0.00037174,0,1,1,126,4,0.00162466,0,0,0
tilted_plate_slide,0.0955,0,0,0,0,0.0103552,0.126847,4.4634,0.001012,3.72133e-05,0.170369,0.23155,0.061181,0.000420831,0.000332583,0,1,1,126,4,0.00161594,0,0,0
tilted_plate_slide,0.096,0,0,0,0,0.0104159,0.125424,4.49815,0.00129393,4.74237e-05,0.170359,0.231539,0.0611803,0.00040676,0.000379671,0,1,1,126,4,0.00174694,0,0,0
tilted_plate_slide,0.0965,0,0,0,0,0.0104761,0.124217,4.52461,0.00109877,4.04392e-05,0.170349,0.231528,0.0611797,0.000369221,0.000272995,0,1,1,140,4,0.00173518,0,0,0
tilted_plate_slide,0.097,0,0,0,0,0.0105357,0.122893,4.55824,0.00120406,4.42995e-05,0.170339,0.231518,0.0611791,0.0001863,0.00013785,0,1,1,140,4,0.00172341,0,0,0
tilted_plate_slide,0.0975,0,0,0,0,0.0105946,0.121615,4.59076,0.00116367,4.29119e-05,0.170328,0.231507,0.0611784,9.5593e-05,7.13646e-05,0,1,1,140,4,0.00171163,0,0,0
tilted_plate_slide,0.098,0,0,0,0,0.010653,0.120341,4.62503,0.00116097,4.28668e-05,0.170318,0.231496,0.0611776,5.09723e-05,3.9871e-05,0,1,1,140,4,0.00169984,0,0,0
tilted_plate_slide,0.0985,0,0,0,0,0.0107107,0.11907,4.66058,0.00115747,4.28034e-05,0.170308,0.231485,0.0611769,0.000542814,0.000283228,0,1,1,154,4,0.00168805,0,0,0
tilted_plate_slide,0.099,0,0,0,0,0.0107678,0.117804,4.69739,0.00115413,4.27466e-05,0.170298,0.231474,0.0611762,0.000304285,0.000190806,0,1,1,154,4,0.00179842,0,0,0
tilted_plate_slide,0.0995,0,0,0,0,0.0108244,0.116542,4.73541,0.00115083,4.26922e-05,0.170288,0.231464,0.0611754,0.000157142,9.88497e-05,0,1,1,154,4,0.00178596,0,0,0
tilted_plate_slide,0.1,0,0,0,0,0.0108803,0.115283,4.77461,0.0011476,4.26401e-05,0.170278,0.231453,0.0611746,0.000487374,0.0002571,0,1,1,168,4,0.0017735,0,0,0
tilted_plate_slide,0.1005,0,0,0,0,0.0109356,0.114029,4.81498,0.00114442,4.25903e-05,0.170268,0.231442,0.0611738,0.000334217,0.000180315,0,1,1,168,4,0.00176103,0,0,0
tilted_plate_slide,0.101,0,0,0,0,0.0109904,0.112779,4.85649,0.00114131,4.25428e-05,0.170258,0.231431,0.061173,0.000174433,0.000102072,0,1,1,168,4,0.00174855,0,0,0
tilted_plate_slide,0.1015,0,0,0,0,0.0110445,0.111533,4.89911,0.00113828,4.24977e-05,0.170248,0.23142,0.0611722,0.000581912,0.000199545,0,1,1,182,4,0.00184879,0,0,0
tilted_plate_slide,0.102,0,0,0,0,0.011098,0.110292,4.94284,0.00113532,4.24551e-05,0.170238,0.23141,0.0611714,0.000294431,0.000109156,0,1,1,182,4,0.00183342,0,0,0
tilted_plate_slide,0.1025,0,0,0,0,0.011151,0.109054,4.98767,0.00113245,4.24155e-05,0.170228,0.231399,0.0611705,0.000534582,0.00031334,0,1,1,196,4,0.00181803,0,0,0
tilted_plate_slide,0.103,0,0,0,0,0.0112033,0.107821,5.03361,0.00112965,4.23795e-05,0.170218,0.231388,0.0611696,0.000978902,0.000552059,0,1,1,210,4,0.00180264,0,0,0
tilted_plate_slide,0.1035,0,0,0,0,0.0112551,0.106592,5.08066,0.00112692,4.23484e-05,0.170208,0.231377,0.0611688,0.000492965,0.00043955,0,1,1,210,4,0.00178725,0,0,0
tilted_plate_slide,0.104,0,0,0,0,0.0113062,0.105369,5.12888,0.00112423,4.23249e-05,0.170198,0.231366,0.0611679,0.000253183,0.000228076,0,1,1,224,4,0.00177184,0,0,0
tilted_plate_slide,0.1045,0,0,0,0,0.0113568,0.104152,5.17836,0.00112151,4.23153e-05,0.170189,0.231356,0.061167,0.000653314,0.000341605,0,1,1,238,4,0.00206094,0,0,0
tilted_plate_slide,0.105,0,0,0,0,0.0114068,0.102944,5.22927,0.00111857,4.23385e-05,0.170179,0.231345,0.0611661,0.000328147,0.000178603,0,1,1,252,4,0.00204322,0,0,0
tilted_plate_slide,0.1055,0,0,0,0,0.0114562,0.101756,5.28221,0.00111076,4.24512e-05,0.170169,0.231334,0.0611652,0.00017175,0.000101536,0,1,1,266,4,0.0020255,0,0,0
tilted_plate_slide,0.106,0,0,0,0,0.011505,0.100611,5.33884,0.00110298,4.30021e-05,0.170159,0.231323,0.0611644,0.000531403,0.000289492,0,1,1,280,4,0.00200776,0,0,0
tilted_plate_slide,0.1065,0,0,0,0,0.0115532,0.0994698,5.39971,0.00111419,4.36792e-05,0.170149,0.231312,0.0611638,0.000658718,0.000316865,0,1,1,294,4,0.00208381,0,0,0
tilted_plate_slide,0.107,0,0,0,0,0.0116009,0.0983435,5.45618,0.00110147,4.31756e-05,0.170138,0.231302,0.0611633,0.000396184,0.000277915,0,1,1,322,4,0.00206324,0,0,0
tilted_plate_slide,0.1075,0,0,0,0,0.0116479,0.0972255,5.51187,0.00109522,4.29303e-05,0.170128,0.231291,0.0611629,0.000183838,0.000142377,0,1,1,350,4,0.00213062,0,0,0
tilted_plate_slide,0.108,0,0,0,0,0.0116944,0.0961108,5.56809,0.00109406,4.28837e-05,0.170117,0.23128,0.0611628,0.000499741,0.000264225,0,1,1,378,4,0.00210919,0,0,0
tilted_plate_slide,0.1085,0,0,0,0,0.0117403,0.0949992,5.62493,0.00109341,4.28558e-05,0.170106,0.231269,0.0611628,0.000618167,0.000359768,0,1,1,392,4,0.00225438,0,0,0
tilted_plate_slide,0.109,0,0,0,0,0.0117856,0.0938905,5.68239,0.00109291,4.28332e-05,0.170095,0.231258,0.061163,0.000319315,0.000189768,0,1,1,392,4,0.00223111,0,0,0
tilted_plate_slide,0.1095,0,0,0,0,0.0118303,0.0927847,5.74047,0.00109255,4.28148e-05,0.170084,0.231248,0.0611634,0.000476996,0.000291168,0,1,1,392,4,0.00228682,0,0,0
tilted_plate_slide,0.11,0,0,0,0,0.0118744,0.0916818,5.79917,0.00109232,4.28001e-05,0.170073,0.231237,0.061164,0.000661975,0.000277542,0,1,1,392,4,0.00233641,0,0,0
tilted_plate_slide,0.1105,0,0,0,0,0.011918,0.0905818,5.85848,0.00109221,4.27893e-05,0.170061,0.231226,0.0611649,0.00114319,0.000478968,0,1,1,392,4,0.00230956,0,0,0
tilted_plate_slide,0.111,1,2.75979e-17,0.0352166,1,0.011961,0.0894847,5.91838,0.00109223,4.27824e-05,0.170049,0.231215,0.0611661,0.00156059,0.000807681,0,1,1,392,4,0.00243406,0,0.0278034,0.0330241
tilted_plate_slide,0.1115,1,0,0.035212,1,0.0120034,0.0883904,5.97887,0.00109238,4.27794e-05,0.170037,0.231204,0.0611674,0.0031305,0.00171621,0,1,1,392,4,0.00247062,0,0.127723,0.146625
tilted_plate_slide,0.112,1,2.02384e-16,0.0352074,1,0.0120452,0.0872991,6.03993,0.00109267,4.27804e-05,0.170024,0.231194,0.0611691,0.0015839,0.00118917,0,1,1,392,4,0.00251109,0,0.0442018,0.129066
tilted_plate_slide,0.1125,1,0,0.0352028,1,0.0120864,0.0862105,6.10156,0.00109309,4.27855e-05,0.170012,0.231183,0.0611711,0.00209122,0.00149263,0,1,1,392,4,0.00254542,0,0.0632658,0.105069
tilted_plate_slide,0.113,0.296766,0.0458577,0.0025166,0.734418,0.012031,0.153666,8.83747,0.18944,0.00698231,0.0709524,0.231479,0.160526,0.00155559,0.000938819,0,1,1,392,4,0.00264136,0,0.0667972,0.099642
tilted_plate_slide,0.1135,0.342075,0.0468404,0.00268204,0.168178,0.0119821,0.147969,9.56274,0.0128894,0.000355414,0.0709465,0.234181,0.163234,0.00103077,0.000599465,0,1,1,392,4,0.00249992,0,0.0705307,0.102409
tilted_plate_slide,0.114,0,0,0,0,0.0119335,0.148027,9.55221,6.70686e-05,2.80527e-06,0.0709358,0.23417,0.163234,0.00123253,0.00073198,0,1,1,392,4,0.00241356,0,0.000312895,3.35087e-06
tilted_plate_slide,0.1145,0,0,0,0,0.0118587,0.191878,10.7023,0.0485934,0.000628457,0.0650983,0.234159,0.169061,0.00107923,0.000528345,0,1,1,392,4,0.00238535,0,1.91964e-10,2.179e-12
tilted_plate_slide,0.115,0,0,0,0,0.0117716,0.212544,11.2247,0.0227295,0.00020391,0.0635601,0.234148,0.170588,0.000954215,0.000508364,0,1,1,392,4,0.00223863,0,1.18592e-16,1.35876e-18
tilted_plate_slide,0.1155,0,0,0,0,0.0116677,0.244565,11.8351,0.0326493,0.000415259,0.062242,0.234138,0.171896,0.00162912,0.000988443,0,1,1,392,4,0.00220083,0,7.425e-23,8.92835e-25
tilted_plate_slide,0.116,0,0,0,0,0.0115621,0.247626,11.6919,0.003826,0.000126989,0.0622268,0.234127,0.1719,0.0012892,0.00072451,0,1,1,392,4,0.00210089,0,4.70784e-29,5.56681e-31
tilted_plate_slide,0.1165,0,0,0,0,0.0114502,0.259795,12.5972,0.0120211,0.000397351,0.0619692,0.234116,0.172147,0.00105447,0.000475736,0,1,1,392,4,0.00204903,0,2.91377e-35,3.95021e-37
tilted_plate_slide,0.117,0,0,0,0,0.0113349,0.265525,11.8807,0.00725242,0.000278474,0.0619726,0.234105,0.172133,0.0022051,0.0010112,0,1,1,392,4,0.00198409,0,1.82246e-41,2.58064e-43
tilted_plate_slide,0.1175,0,0,0,0,0.0112144,0.276106,12.7377,0.0101898,0.000330763,0.0619181,0.234094,0.172176,0.00178293,0.000770262,0,1,1,392,4,0.00186839,0,1.1452e-47,1.784e-49
tilted_plate_slide,0.118,0,0,0,0,0.0110909,0.281505,12.0784,0.00629292,0.000249771,0.0619167,0.234084,0.172167,0.00247523,0.000865978,0,1,1,392,4,0.00186464,0,7.099e-54,1.26703e-55
tilted_plate_slide,0.1185,0,0,0,0,0.0109668,0.283526,12.2635,0.00188982,7.41358e-05,0.0618915,0.234073,0.172181,0.0037781,0.00153511,0,1,1,392,4,0.00176403,0,4.35679e-60,8.91492e-62
tilted_plate_slide,0.119,0,0,0,0,0.0108422,0.2856,12.3665,0.00197488,7.43527e-05,0.0618747,0.234062,0.172187,0.0040865,0.00140989,0,1,1,392,4,0.00174518,0,2.62652e-66,6.25491e-68
tilted_plate_slide,0.1195,0,0,0,0,0.0107168,0.287782,12.5597,0.00204737,7.65771e-05,0.0618615,0.234051,0.17219,0.00416596,0.00141763,0,1,1,392,4,0.00165384,0,1.56621e-72,4.0899e-74
tilted_plate_slide,0.12,0,0,0,0,0.0105864,0.298295,12.2641,0.0105181,0.000121599,0.0618408,0.23404,0.1722,0.00279845,0.00124979,0,1,1,392,4,0.00148539,0,9.46451e-79,2.44119e-80
